index,source,target
0,Nothing Equipped,
1,Cross Bowgun,
2,Cross Bowgun+,
3,Hornet Gun,
4,Valkyrie Fire,
5,Spartacus Fire,
6,Shotgun (Azure),
7,Shotgun (Green),
8,Shotgun (Blood),
9,Maelstrom,
10,Desert Storm,
11,Grenade Launcher,
12,Titan Launcher,
13,Arbalest,
14,Arbalest+,
15,Tankmage,
16,Rapidcaster,
17,Quickcaster,
18,Meteor Cannon,
19,Blue Kut-Ku Cannon,
20,Raven Heirloom,
21,Lao-Shan Lung Cannon,
22,Injection Gun,
23,Last Needle,
24,Demonlock,
25,Shotgun (White),
26,Gravios Roar,
27,Mega Kut-Ku Cannon,
28,S.Cross Bowgun,
29,Valkyrie Heart,
30,Valkyrie Blaze,
31,Valkyrie Heart+,
32,Gold Valkyrie,
33,Spartacus Soul,
34,Spartacus Blaze,
35,Spartacus Soul+,
36,Silver Spartacus,
37,Crimson Blue,
38,Azure Sakura,
39,Uranos Grenade,
40,Supreme Azure Sakura,
41,Profusion,
42,Aqua Blade Shower,
43,Green Blade Shower,
44,Crimson Blade Shower,
45,Bullet Storm,
46,Maelstrom+,
47,Sandfall,
48,Desert Tempest,
49,Sandfall+,
50,Grenade Launcher+,
51,Titan Launcher+,
52,Chronos Grenade,
53,Kut-Ku Anger,
54,Kut-Ku Rage,
55,Black Belt Bowgun,
56,Expert Bowgun,
57,Island of the Gods,
58,Dark Parasol,
59,Angel Parasol,
60,Sakura Parasol,
61,S.Arbalest,
62,Tankmage+,
63,Bastionmage,
64,Quickcaster+,
65,Duelcaster,
66,Duelcaster+,
67,Monodevilcaster,
68,Monodevilcaster+,
69,Meteor Buster,
70,Vor Cannon,
71,Destiny's Hand,
72,Mega Kut-Ku Cannon,
73,Supreme Lao-Shan Cannon,
74,Emperor Lao-Shan Cannon,
75,Honeycomber,
76,Gravios Howl,
77,Golden Lion,
78,Hunter Bow III,
79,Wild Bow III,
80,Power Wild Bow II,
81,Queen Blaster II,
82,Heart Shot Bow II,
83,Prominence Bow II,
84,Sonic Bow III,
85,Blos Horn Bow II,
86,Dragon Bow【Landslide】,
87,Courageous Hope II,
88,Dragon Bow【Sunflower】,
89,Annihilation Bow I,
90,Victory＆Glory Bow,
91,Blessed Lamp,
92,Raven Do,
93,Tail String,
94,Rajang Barrage,
95,Fire Wrath,
96,Lobster Gun,
97,Jade Storm,
98,Daora's Delphinidae,
99,Wolf Heirloom,
100,Buster Crab,
101,Gaoren's Fire,
102,Rock Eater,
103,Jade Tempest,
104,King Lobster Gun,
105,Wolf Do,
106,Dragon Bow【Full Moon】,
107,Power Hunter Bow II,
108,Hunter Bow I,
109,Hunter Bow II,
110,Wild Bow I,
111,Wild Bow II,
112,Power Wild Bow I,
113,Queen Blaster I,
114,Heart Shot Bow I,
115,Prominence Bow I,
116,Sonic Bow I,
117,Sonic Bow II,
118,Blos Horn Bow I,
119,"Dragon Bow ""Uprising""",
120,Courageous Hope I,
121,Power Hunter Bow I,
122,Dragon Head,
123,Magic Lamp,
124,Real=Daora,
125,Earth Eater,
126,Heavy Buster Crab,
127,Daora's Grande,
128,Wing Bow I,
129,Wing Bow II,
130,Wing Bow III,
131,Nix Farbow Ⅰ,
132,Nix Farbow ⅠⅠ,
133,Icehide Bow,
134,Kut-Ku Bow Ⅰ,
135,Kut-Ku Bow Ⅱ,
136,Kut-Ku Bow Ⅲ,
137,Blue Kut-Ku Bow,
138,Heartless Bandage,
139,Power Sand,
140,Pressurized Plesioth,
141,Stinger,
142,Icethrower,
143,Quick Bow,
144,Khezu Bow,
145,Oobasami Ⅰ,
146,Oobasami Ⅱ,
147,Oobasami Ⅲ,
148,Oobasami Ⅳ,
149,Dummy (LB),
150,Felyne Ragdoll,
151,Melynx Ragdoll,
152,Felyne Helldoll,
153,Melynx Helldoll,
154,Tail Catapult,
155,Peach Parasol,
156,Ladybug Cannon,
157,Lunastra's Azul Cannon,
158,Teostra's Artillery,
159,Seven Stars,
160,Hunter Bow Ⅳ,
161,Wild Bow Ⅳ,
162,Power Hunter Bow Ⅲ,
163,Queen Blaster Ⅲ,
164,Prominence Bow Ⅲ,
165,Teostra's Flames,
166,Tigrex Tank,
167,Tigrex Wargun,
168,Tigrex Howl,
169,Dummy (HB),
170,Tigrex Skull,
171,Tigre Arrow Ⅰ,
172,Tigre Arrow Ⅱ,
173,Bow of the Wind God,
174,Sonic Bow Ⅳ,
175,Expert Bowgun+,
176,Brilliant Bow,
177,Steel Raven Ⅰ,
178,Eos Mash,
179,Steel Raven Ⅱ,
180,Steel Raven Ⅲ,
181,Heaven Lao-Shan Cannon,
182,Earth Lao-Shan Cannon,
183,Sonic Bow Ⅴ,
184,Mackerel V,
185,Power Wild Bow Ⅲ,
186,White Cradle,
187,White Crescent,
188,Rosen Kugel,
189,Rosen Waffe,
190,Rosen Prima,
191,Rosen Gewehr,
192,Rosen Jaeger,
193,Rosen Siegen,
194,Rosen Bogen,
195,Rosen Rakete,
196,Rosen Sichel,
197,Lava Blaster,
198,Iron Fire Gun,
199,"Torrent Bow ""Umibozu""",
200,"Stream Bow ""Mermaid""",
201,Khezu Bow Ⅱ,
202,Khezu Bow Ⅲ,
203,Mantle Eater SP,
204,Moon Buster SP,
205,Bustercanse SP,
206,Crossbow Monster Gun SP,
207,Snail SP,
208,Haunted Crossbow SP,
209,Kernel Bowgun SP,
210,Green Parasol SP,
211,Kaiden Bowgun,
212,Blue Kut-Ku Coin Bow,
213,Power Hunter Bow IV,
214,"Dragon Bow ""Eclipse""",
215,Plesioth Subillo,
216,Lunastra's Azul Missile,
217,Baston Blaster,
218,Kantharos Rifle,
219,Magical Lamp,
220,Rajang Cannon,
221,Gastraphetes SP,
222,Pink Needle SP,
223,Armored Dragon Gun SP,
224,Lobster Gun SP,
225,Cannon Bowgun SP,
226,Kinnekoju SP,
227,Rapid Bow,
228,Steel Raven Ⅳ,
229,Steel Puffer Ⅰ,
230,Steel Puffer Ⅱ,
231,Steel Puffer Ⅲ,
232,Steel Puffer Ⅳ,
233,Metal Frame,
234,Ice Storm,
235,Mighty Cast,
236,Kaktus Kugel,
237,Kaktus Waffe,
238,Sleeping Beast,
239,Shotgun (Sun),
240,Shotgun (Shadow),
241,Kaktus Gewehr,
242,Kaktus Jaeger,
243,Black Block bow,
244,Black Block Broken Bow,
245,Khezu Bow Ⅳ,
246,Mackerel Ⅵ,
247,Sonic Bow Ⅵ,
248,Kaktus Bogen,
249,Kaktus Rakete,
250,Crimson Devil SP,
251,Plesioth Crasher,
252,Black Soul SP,
253,Squall Bullets SP,
254,Lio Storm,
255,Vashimu Gun,
256,Vashimu Fire,
257,Lavafish Gun,
258,Gia Smash,
259,Kautschuk,
260,Elastikautschuk,
261,Khezu Bow V,
262,Queen Blaster IV,
263,Raging Ladybug Gun SP,
264,Rex Blaster SP,
265,Kut-Ku Roar,
266,Lyra Rex SP,
267,Primakaktus,
268,Rubino Splash,
269,Kaktus Siegen,
270,Jebia Gun,
271,Jebia Fire,
272,Wild Fungus,
273,Steel Killi Ⅰ,
274,Steel Killi Ⅱ,
275,Steel Killi Ⅳ,
276,Steel Killi Ⅳ,
277,VLS-0233,
278,Kaktus Sichel,
279,Daora's Cisne Ⅰ,
280,Daora's Cisne Ⅱ,
281,Prominence Bow IV,
282,Tigre Arrow III,
283,Daora's Argen SP,
284,Lava Tyrant SP,
285,Living Lamp SP,
286,Rajang Soul SP,
287,Heavy Bowgun,
288,Light Bowgun,
289,Bow,
290,Hawk Thunderdance Hbg,
291,Buzzard Thndrdance Hbg,
292,Falcon Thunderdance Hbg,
293,Stork Thunderdance Bow,
294,Crane Thunderdance Bow,
295,Flamingo Thunder Bow,
296,Daora's Vale,
297,Caravan Gun I,
298,Caravan Gun II,
299,Caravan Gun III,
300,Dummy (Bow),
301,True Thrush Darkbolt Gun,
302,True Dove Darkbolt Gun,
303,True Hawk Darkbolt Gun,
304,True Falcon Darkbolt Gun,
305,Dondon Void,
306,Brillant Flash Hbg,
307,Daora's Avan,
308,"Felyne Bow ""Large Stamp""",
309,"Melynx Bow ""Cat Fool""",
310,God's Majesty,
311,"God's Majesty ""Dream""",
312,"God's Majesty ""Vision""",
313,"God's Majesty ""Illusion""",
314,God's Palace,
315,"God's Palace ""Dream""",
316,"God's Palace ""Vision""",
317,"God's Palace ""Illusion""",
318,Warm Prick,
319,Warm Thorn,
320,Warm Pin,
321,Warm Needle,
322,Warm Stinger,
323,Ham Prick,
324,Ham Thorn,
325,Ham Pin,
326,Ham Needle,
327,Ham Stringer,
328,Dummy (Bow),
329,Dummy (Bow),
330,Dummy (Bow),
331,Dummy (Bow),
332,Dummy (Bow),
333,Dummy (Bow),
334,Dummy (Bow),
335,Dummy (Bow),
336,Dummy (Bow),
337,Dummy (Bow),
338,Dummy (Bow),
339,Dummy (Bow),
340,Dummy (Bow),
341,Dummy (Bow),
342,Dummy (Bow),
343,Dummy (Bow),
344,Dummy (Bow),
345,Dummy (Bow),
346,Dummy (Bow),
347,Dummy (Bow),
348,Dummy (Bow),
349,Dummy (Bow),
350,Moss Scissors SPⅠ,
351,Moss Scissors SPⅡ,
352,Moss Scissors SPⅢ,
353,Moss Scissors SPⅣ,
354,Moss Scissors SPⅤ,
355,Moss Scissors SPⅥ,
356,Moss Scissors SPⅦ,
357,Mauve Blaster SPⅠ,
358,Mauve Blaster SPⅡ,
359,Mauve Blaster SPⅢ,
360,Mauve Blaster SPⅣ,
361,Mauve Blaster SPⅤ,
362,Mauve Blaster SPⅥ,
363,Mauve Blaster SPⅦ,
364,P.Master Bow SPⅠ,
365,P.Master Bow SPⅡ,
366,P.Master Bow SPⅢ,
367,P.Master Bow SPⅣ,
368,P.Master Bow SPⅤ,
369,P.Master Bow SPⅥ,
370,P.Master Bow SPⅦ,
371,Dark Full Bow SPⅠ,
372,Dark Full Bow SPⅡ,
373,Dark Full Bow SPⅢ,
374,Dark Full Bow SPⅣ,
375,Dark Full Bow SPⅤ,
376,Dark Full Bow SPⅥ,
377,Dark Full Bow SPⅦ,
378,Long Horn Bow SPⅠ,
379,Long Horn Bow SPⅡ,
380,Long Horn Bow SPⅢ,
381,Long Horn Bow SPⅣ,
382,Long Horn Bow SPⅤ,
383,Long Horn Bow SPⅥ,
384,Long Horn Bow SPⅦ,
385,Freezon Bow SPⅠ,
386,Freezon Bow SPⅡ,
387,Freezon Bow SPⅢ,
388,Freezon Bow SPⅣ,
389,Freezon Bow SPⅤ,
390,Freezon Bow SPⅥ,
391,Freezon Bow SPⅦ,
392,Dragonsoul Bow SPⅠ,
393,Dragonsoul Bow SPⅡ,
394,Dragonsoul Bow SPⅢ,
395,Dragonsoul Bow SPⅣ,
396,Dragonsoul Bow SPⅤ,
397,Dragonsoul Bow SPⅥ,
398,Dragonsoul Bow SPⅦ,
399,Flame Beat SP Ⅰ,
400,Flame Beat SP Ⅱ,
401,Flame Beat SP Ⅲ,
402,Flame Beat SP Ⅳ,
403,Flame Beat SP Ⅴ,
404,Flame Beat SP Ⅵ,
405,Flame Beat SP Ⅶ,
406,Aqua Feather SP Ⅰ,
407,Aqua Feather SP Ⅱ,
408,Aqua Feather SP Ⅲ,
409,Aqua Feather SP Ⅳ,
410,Aqua Feather SP Ⅴ,
411,Aqua Feather SP Ⅵ,
412,Aqua Feather SP Ⅶ,
413,Black Swan Gift SPⅠ,
414,Black Swan Gift SPⅡ,
415,Black Swan Gift SPⅢ,
416,Black Swan Gift SPⅣ,
417,Black Swan Gift SPⅤ,
418,Black Swan Gift SPⅥ,
419,Black Swan Gift SPⅦ,
420,Still Water Bow SPⅠ,
421,Still Water Bow SPⅡ,
422,Still Water Bow SPⅢ,
423,Still Water Bow SPⅣ,
424,Still Water Bow SPⅤ,
425,Still Water Bow SPⅥ,
426,Still Water Bow SPⅦ,
427,Tigre Stream SPⅠ,
428,Tigre Stream SPⅡ,
429,Tigre Stream SPⅢ,
430,Tigre Stream SPⅣ,
431,Tigre Stream SPⅤ,
432,Tigre Stream SPⅥ,
433,Tigre Stream SPⅦ,
434,Generator SPⅠ,
435,Generator SPⅡ,
436,Generator SPⅢ,
437,Generator SPⅣ,
438,Generator SPⅤ,
439,Generator SPⅥ,
440,Generator SPⅦ,
441,Black Bogen SPⅠ,
442,Black Bogen SPⅡ,
443,Black Bogen SPⅢ,
444,Black Bogen SPⅣ,
445,Black Bogen SPⅤ,
446,Black Bogen SPⅥ,
447,Black Bogen SPⅦ,
448,Dragon Landslide Bow SPⅠ,
449,Dragon Landslide Bow SPⅡ,
450,Dragon Landslide Bow SPⅢ,
451,Dragon Landslide Bow SPⅣ,
452,Dragon Landslide Bow SPⅤ,
453,Dragon Landslide Bow SPⅥ,
454,Dragon Landslide Bow SPⅦ,
455,Phoenix Roar SPⅠ,
456,Phoenix Roar SPⅡ,
457,Phoenix Roar SPⅢ,
458,Phoenix Roar SPⅣ,
459,Phoenix Roar SPⅤ,
460,Phoenix Roar SPⅥ,
461,Phoenix Roar SPⅦ,
462,"Drgn God Bow""Eclipse""SPⅠ",
463,"Drgn God Bow""Eclipse""SPⅡ",
464,"Drgn God Bow""Eclipse""SPⅢ",
465,"Drgn God Bow""Eclipse""SPⅣ",
466,"Drgn God Bow""Eclipse""SPⅤ",
467,"Drgn God Bow""Eclipse""SPⅥ",
468,"Drgn God Bow""Eclipse""SPⅦ",
469,Berg Shooter SPⅠ,
470,Berg Shooter SPⅡ,
471,Berg Shooter SPⅢ,
472,Berg Shooter SPⅣ,
473,Berg Shooter SPⅤ,
474,Berg Shooter SPⅥ,
475,Berg Shooter SPⅦ,
476,Cancer Bow SPⅠ,
477,Cancer Bow SPⅡ,
478,Cancer Bow SPⅢ,
479,Cancer Bow SPⅣ,
480,Cancer Bow SPⅤ,
481,Cancer Bow SPⅥ,
482,Cancer Bow SPⅦ,
483,Jade Bow SPⅠ,
484,Jade Bow SPⅡ,
485,Jade Bow SPⅢ,
486,Jade Bow SPⅣ,
487,Jade Bow SPⅤ,
488,Jade Bow SPⅥ,
489,Jade Bow SPⅦ,
490,Dummy (Bow),
491,Dummy (Bow),
492,Dummy (Bow),
493,Dummy (Bow),
494,Bow,
495,Bow,
496,Light Bowgun,
497,Light Bowgun,
498,Heavy Bowgun,
499,Bow,
500,Dummy (Bow),
501,Dummy (Bow),
502,Dummy (Bow),
503,Dummy (Bow),
504,Dummy (Bow),
505,Dummy (Bow),
506,Dummy (Bow),
507,Dummy (Bow),
508,Dummy (Bow),
509,Dummy (Bow),
510,Dummy (Bow),
511,Dummy (Bow),
512,Dummy (Bow),
513,Dummy (Bow),
514,Dummy (Bow),
515,Dummy (Bow),
516,Dummy (Bow),
517,Dummy (Bow),
518,Dummy (Bow),
519,Dummy (Bow),
520,Dummy (Bow),
521,Dummy (Bow),
522,Dummy (Bow),
523,Dummy (Bow),
524,Dummy (Bow),
525,Dummy (Bow),
526,Dummy (Bow),
527,Dummy (Bow),
528,Dummy (Bow),
529,Dummy (Bow),
530,Dummy (Bow),
531,Dummy (Bow),
532,Dummy (Bow),
533,Dummy (Bow),
534,Dummy (Bow),
535,Dummy (Bow),
536,Dummy (Bow),
537,Dummy (Bow),
538,Dummy (Bow),
539,Dummy (Bow),
540,Dummy (Bow),
541,Dummy (Bow),
542,Dummy (Bow),
543,Dummy (Bow),
544,Dummy (Bow),
545,Dummy (Bow),
546,Dummy (Bow),
547,Dummy (Bow),
548,Dummy (Bow),
549,Dummy (Bow),
550,Dummy (Bow),
551,Dummy (Bow),
552,Dummy (Bow),
553,Dummy (Bow),
554,Dummy (Bow),
555,Dummy (Bow),
556,Dummy (Bow),
557,Dummy (Bow),
558,Dummy (Bow),
559,Dummy (Bow),
560,Dummy (Bow),
561,Dummy (Bow),
562,Dummy (Bow),
563,Dummy (Bow),
564,Dummy (Bow),
565,Dummy (Bow),
566,Dummy (Bow),
567,Dummy (Bow),
568,Dummy (Bow),
569,Dummy (Bow),
570,Dummy (Bow),
571,Dummy (Bow),
572,Dummy (Bow),
573,Dummy (Bow),
574,Dummy (Bow),
575,Dummy (Bow),
576,Dummy (Bow),
577,Dummy (Bow),
578,Dummy (Bow),
579,Dummy (Bow),
580,Dummy (Bow),
581,Dummy (Bow),
582,Dummy (Bow),
583,Dummy (Bow),
584,Dummy (Bow),
585,Dummy (Bow),
586,Dummy (Bow),
587,Dummy (Bow),
588,Dummy (Bow),
589,Dummy (Bow),
590,Dummy (Bow),
591,Dummy (Bow),
592,Dummy (Bow),
593,Dummy (Bow),
594,Dummy (Bow),
595,Dummy (Bow),
596,Dummy (Bow),
597,Dummy (Bow),
598,Dummy (Bow),
599,Dummy (Bow),
600,Dummy (Bow),
601,Dummy (Bow),
602,Dummy (Bow),
603,Dummy (Bow),
604,Dummy (Bow),
605,Dummy (Bow),
606,Dummy (Bow),
607,Dummy (Bow),
608,Dummy (Bow),
609,Dummy (Bow),
610,Dummy (Bow),
611,Dummy (Bow),
612,Dummy (Bow),
613,Dummy (Bow),
614,Dummy (Bow),
615,Dummy (Bow),
616,Dummy (Bow),
617,Dummy (Bow),
618,Dummy (Bow),
619,Dummy (Bow),
620,Dummy (Bow),
621,Dummy (Bow),
622,Dummy (Bow),
623,Dummy (Bow),
624,Dummy (Bow),
625,Dummy (Bow),
626,Dummy (Bow),
627,Dummy (Bow),
628,Dummy (Bow),
629,Dummy (Bow),
630,Dummy (Bow),
631,Dummy (Bow),
632,Dummy (Bow),
633,Dummy (Bow),
634,Dummy (Bow),
635,Dummy (Bow),
636,Dummy (Bow),
637,Dummy (Bow),
638,Dummy (Bow),
639,Dummy (Bow),
640,Dummy (Bow),
641,Dummy (Bow),
642,Dummy (Bow),
643,Dummy (Bow),
644,Dummy (Bow),
645,Dummy (Bow),
646,Dummy (Bow),
647,Dummy (Bow),
648,Dummy (Bow),
649,Dummy (Bow),
650,Parachan Bow Ⅰ,
651,Parachan Bow Ⅱ,
652,Parachan Bow Ⅲ,
653,Solid Carbine,
654,Solid Carbine+,
655,Matter Carbine,
656,Liquid Carbine,
657,Liquid Carbine+,
658,Element Carbine,
659,Natra Death,
660,Detoss Arkham,
661,Chaos Army,
662,Sonic Bow VII,
663,"Dragon God Bow ""Zhulong""",
664,Power Wild Bow IV,
665,Saphire RavenⅠ,
666,Saphire Raven Ⅱ,
667,Saphire Raven Ⅲ,
668,Saphire Raven Ⅳ,
669,Titan Flame SP,
670,Teostra's Flame SP,
671,Sky's Isle SP,
672,Metal Blaze SP,
673,VLS-0052,
674,VLS-7305,
675,Herald Thunderdance Bow,
676,Fire Tempest SP,
677,B・Parasol SP,B Parasol SP
678,Vashimu Cannon,
679,Vashimu Launcher,
680,Coral Striker,
681,Jasper Striker,
682,Lapiz Striker,
683,Sapphir Puffer Ⅰ,
684,Sapphir Puffer Ⅱ,
685,Sapphir Puffer Ⅲ,
686,Luna Rainbow Cannon SP,
687,Noble Chivalry,
688,Melor Chivalry,
689,Luna's Bostesso,
690,Luna's Vulcano,
691,Luna's Ganard,
692,"Meat Gun ""Rare""",
693,"Meat Gun ""Medium""",
694,"Meat Gun ""Well Done""",
695,Kugel Squale,
696,Kugel Katze,
697,Kugel Volpe,
698,Steel Bow,
699,Steel Bow・Armor Piercer,Steel Bow Armor Piercer
700,Steel Bow・Rock Piercer,Steel Bow Rock Piercer
701,Light Liebe,
702,Middle Liebe,
703,Deep Liebe,
704,True Liebe,
705,Red Cat Gun SP,
706,Don Shower,
707,Don Splash,
708,Dondon Cannon,
709,Flow Sweezy,
710,Gerda Sweezy,
711,Loisa Sweezy,
712,Nyan Nyan Gun,
713,Nyan Nyan Fire,
714,Phantom Thunderbreak Bow,
715,Phantom Thunderstorm Bow,
716,Daimyo Warbow Ⅶ,
717,True Blue Kut-Ku Bow,
718,Rubino Raven Ⅰ,
719,Rubino Raven Ⅱ,
720,Rubino Raven Ⅲ,
721,Rubino Raven Ⅳ,
722,Remobra Plush,
723,Remombra Strike,
724,Sufendrit,
725,Chalcendrit,
726,Garnetdrit,
727,Azul Blaster SP,
728,Teo's Baretta,
729,Dual Paralyze,
730,Lava Paralyze,
731,Needleant,
732,Duel Poison,
733,Lava Poison,
734,Needlewasp,
735,Dark Cat Gun,
736,Red Cat Gun,
737,Red Cat Grenade Launcher,
738,Saphir Killy Ⅰ,
739,Saphir Killy Ⅱ,
740,Saphir Killy Ⅲ,
741,Crimson Parasol SP,
742,Don Bow,
743,Don Missile,
744,Dodon Arch,
745,Dodon Crescent,
746,Pawpad Shooter,
747,Pawpad Blaster,
748,Felyne Bow,
749,"Felyne Bow ""Koban""",
750,Tail Shooter,
751,Tail Blaster,
752,Melynx Bow,
753,"Melynx Bow ""Cat Veil""",
754,Carmine Bow Ⅰ,
755,Carmine Bow Ⅱ,
756,Carmine Bow Ⅲ,
757,Crimson Bow,
758,Perlenkugel,
759,Perle Prima,
760,Perlengewehr,
761,Perlen Sieg,
762,Perlenbogen,
763,Perlenrakete,
764,Perlen Sichel,
765,Great Dragon Gun,
766,Nebula Globes,
767,Rubino Puffer Ⅳ,
768,Rubino Puffer Ⅰ,
769,Rubino Puffer Ⅱ,
770,Rubino Puffer Ⅲ,
771,Steel Puffer Ⅴ,
772,"Fanged Wolf Gun ""Gust""",
773,"Fanged Wolf Gun ""Gale""",
774,"Sky Wolf Gun""Big Dipper""",
775,Filan Set,
776,Eames Set,
777,Vinz Set,
778,Purfa Set,
779,"Fanged Wolf Gun""Blossom""",
780,"Fanged Wolf Gun ""Sakura""",
781,"Sky Wolf Gun ""Rainfall""",
782,"Sky Wolf Gun ""Monsoon""",
783,Annihilation Bow II,
784,Khezu Bow VI,
785,Lunar Bale,
786,Lunar Zien,
787,Lunar View,
788,Lunar Vedere,
789,Rojo Kerze,
790,Rojo Flamme,
791,Rojo Gluhen,
792,Rouge Vulcan,
793,Albu Bow,
794,Album Bow,
795,Albuin Bow,
796,Albumagi Bow,
797,Cherny Bow,
798,Great Cherny Bow,
799,Royal Cherny Bow,
800,Supreme Cherny Bow,
801,Aquila Bow,
802,Aquila Bow+,
803,"Aquila Bow ""Cosmic""",
804,"Aquila Bow ""Comet""",
805,Soul Star I,
806,Soul Star II,
807,Soul Star III,
808,Soul Planetes,
809,Steel Raven Ⅴ,
810,Melanin Shooter SP,
811,Blood Bandage SP,
812,Star Bow,
813,Star Bow+,
814,"Star Bow ""Cosmic""",
815,"Star Bow ""Comet""",
816,"Fanged Wolf Hbg ""Haze""",
817,"Fanged Wolf Hbg ""Frost""",
818,"Sirius Hbg ""Blizzard""",
819,Gourd Bow Mk1,
820,Gourd Bow Mk1+,
821,Gourd Bow Mk1 Adv.,
822,Gourd Bow Mk2,
823,Gourd Bow Mk2+,
824,Gourd Bow Mk2 Adv.,
825,Deuce Solo,
826,Deuce Trio,
827,Deuce Quint,
828,Floating Peak Gun,
829,Eques Bowgun,
830,Eques Fakir,
831,Weissgerade,
832,Strega Bowgun,
833,Strega Fakir,
834,Schwarzgerade,
835,Woodpecker Thunder Lbg,
836,Albatross Thunder Lbg,
837,True Canary Thunder Lbg,
838,Flamme Com,
839,Flamme Rem,
840,Flamme Flamme,
841,Rubino Killi Ⅰ,
842,Rubino Killi Ⅱ,
843,Rubino Killi Ⅲ,
844,Rubino Killi Ⅳ,
845,Ophion Bow,
846,"Ophion Bow ""Flash""",
847,"Ophion Bow ""Shine""",
848,"Ophion Bow ""Glory""",
849,Luna's Temptation,
850,Luna's Coquetry,
851,Flash Bow,
852,Courageous Hope III,
853,Forte Bow I,
854,Forte Bow II,
855,Forte Bow III,
856,Forte Rada,
857,Asta's Third,
858,Asta's Second,
859,Asta's First,
860,Sirius Dragoon,
861,Magni's Third,
862,Magni's Second,
863,Magni's First,
864,Sirius Tempest,
865,Rubino Raven Ⅴ,
866,Fast Caster SP,
867,Gold Umbrella SP,
868,Caravan HBG Ⅰ,
869,Caravan HBG Ⅱ,
870,Caravan HBG Ⅲ,
871,Caravan Bow Ⅰ,
872,Caravan Bow Ⅱ,
873,Caravan Bow Ⅲ,
874,Caravan Bow Ⅳ,
875,Caravan Bow Ⅴ,
876,Caravan Bow Ⅵ,
877,Giant Star Shellking Hbg,
878,Eques Cannon,
879,Eques Launcher,
880,Weisse Wiese,
881,Strega Cannon,
882,Strega Launcher,
883,Schwarze Wiese,
884,Radiant Sun Bowgun,
885,Radiant Sun Bowgun,
886,Radiant Sun Star Shot,
887,Blos Shot,
888,Blos Sphera,
889,Blos Absolute,
890,Weiss Splash,
891,Weiss Rondo,
892,Weiss Flood,
893,Tank Bishop,
894,Bastion Bishop,
895,Fort Bishop,
896,Tank Witch,
897,Bastion Witch,
898,Fort Witch,
899,Volpe Fletcher,
900,Volpe Missile,
901,Volpe Arc,
902,Forte Ranpo,
903,Forte Crescente,
904,Spark Crane,
905,Fire Crane,
906,Flame Crane,
907,Berg Crane,
908,Arma Crane,
909,Silt Crane,
910,Chariot Crane,
911,Castra Crane,
912,Ryufu Ⅰ,
913,Ryufu Ⅱ,
914,Ryufu Ⅲ,
915,Ryufu Encha,
916,Citrine Raven Ⅰ,
917,Citrine Raven Ⅱ,
918,Citrine Raven Ⅲ,
919,Citrine Raven Ⅳ,
920,Citrine Raven Ⅴ,
921,Hawk Darkbolt Gun,
922,True Falcon Darkbolt Gun,
923,Anteka Current,
924,Anteka Assault,
925,Anteka Rider,
926,Cardo Cannon,
927,Cardo Launcher,
928,Rotwiese,
929,Golden Cat Gun Mk1,
930,Golden Cat Gun Mk2,
931,Golden Cat Gun Mk3,
932,Silver Cat Gun Mk1,
933,Silver Cat Gun Mk2,
934,Silver Cat Gun Mk3,
935,"EBX ""Core""",
936,"EBX ""Pro""",
937,"EBX ""Elite""",
938,Citrine Puffer Ⅰ,
939,Citrine Puffer Ⅱ,
940,Citrine Puffer Ⅲ,
941,Citrine Puffer Ⅳ,
942,Albatros Darkbolt Gun,
943,True Canary Darkbolt Gun,
944,Cardo Bowgun,
945,Cardo Felchia,
946,Rote Gerade,
947,Heat Stock,
948,Blaze Stock,
949,Flare Stock,
950,Rip Stock,
951,Schwer Stock,
952,Rogue Stock,
953,Chrysos I,
954,Chrysos II,
955,Chrysos Graya,
956,Vipio Darkbolt Bow,
957,Crane Darkbolt Bow,
958,True Flamingo Darkbolt B,
959,True Shokaku DarkboltBow,
960,Nebula Ark,
961,Nebula Harp,
962,Furon Cherry Ⅰ,
963,Furon Cherry Ⅱ,
964,Furon Cherry Ⅲ,
965,Furon Blossom,
966,Eques Bow,
967,Eques Rook,
968,Eques Arc,
969,Weiss Mystel,
970,Strega Bow,
971,Streag Rook,
972,Strega Ark,
973,Schwarz Mistel,
974,Clockwork Bow,
975,Clockwork Bow+,
976,New Clockwork Bow,
977,Super Clockwork Bow,
978,Crimson Fang,
979,Crimson Tusk,
980,Crimson Horn,
981,Crimson Avenger,
982,Torment Fang,
983,Torment Tusk,
984,Torment Horn,
985,Torment Avenger,
986,Blos I,
987,Blos II,
988,Blos III,
989,Fierce Blos,
990,Volpe Strada,
991,Volpe Labyrinth,
992,Forte La Torre,
993,Anteka Pulse,
994,Anteka Breath,
995,Anteka Ambition,
996,Slug Launcher,
997,Nade Launcher,
998,Ulti Launcher,
999,Lizard Mortar,
1000,Scale Mortar,
1001,Drago Mortar,
1002,Mel Dean,
1003,Melissa Dean,
1004,Melody Dean,
1005,Fury Lbg,
1006,"Fury Lbg ""Seabreeze""",
1007,"Fury Lbg ""Seagull""",
1008,Today's Cat Ten,
1009,Today's Cat Ho,
1010,Today's Cat San,
1011,Forse Ferro,
1012,Forse Acciaco,
1013,Forse Oro,
1014,Citrine Killi Ⅰ,
1015,Citrine Killi Ⅱ,
1016,Citrine Killi Ⅲ,
1017,Citrine Killi Ⅳ,
1018,Steel Shellking Bow,
1019,Iron Wall Shellking Bow,
1020,Amicus Arc Ⅰ,
1021,Amicus Arc Ⅱ,
1022,Amicus Arc Ⅲ,
1023,Amicus Arc Ⅳ,
1024,Dodonga Eclipse,
1025,Nebula Missile,
1026,Plesioth Berg,
1027,Plesioth Line,
1028,0404・ガノスミンティ,Ganos Minty
1029,Initial Roar,
1030,Grime Roar,
1031,Rising Roar,
1032,Fury Hbg,
1033,"Fury Hbg ""Pieridae""",
1034,"Fury Hbg ""White Dew""",
1035,Desert Ruler,
1036,Desert Ruler+,
1037,Diablos Cannon,
1038,Black Ruler,
1039,Black Ruler+,
1040,Black Diablos Cannon,
1041,Rotdune,
1042,1204・ヤクゥイ・ディンゴ,Yakui Dingo
1043,1304・ヤクゥイ・モルティ,Yakui Morti
1044,1404・ヤクゥイ・マンデル,Yakui Mandel
1045,Brute Jaeger,
1046,Brute Gewehr,
1047,Brute Siegen,
1048,Garugun,
1049,Garuga Gun,
1050,Garuga Gun Neo,
1051,Volpe Breeze,
1052,Volpe Tempesta,
1053,Forte Tornado,
1054,Rote Linie,
1055,Reino Rifle,
1056,Republica Rifle,
1057,Federation Rifle,
1058,Baron Launcher,
1059,Conde Launcher,
1060,Marquis Launcher,
1061,Teo's Flame,
1062,Teo's Inferno,
1063,Feather Bow,
1064,Feather Hood,
1065,Feather Crow,
1066,Feather Crescent,
1067,2B04・グリテベール,Griteveil
1068,2C04・グリテニーシュ,Gritenish
1069,2D04・グリテマフィン,Grite Muffin
1070,2E04・グリテレーツェル,Grite Retzel
1071,Shock Stroke,
1072,Bolt Stroke,
1073,Thunder Stroke,
1074,Storm Striker,
1075,Lizard Stroke,
1076,Drake Stroke,
1077,Wyvern Stroke,
1078,Dragon Striker,
1079,Fire Rook,
1080,Flaming Rook,
1081,Blazing Rook,
1082,Flare Rook,
1083,Ice Rook,
1084,Icicle Rook,
1085,Frost Rook,
1086,Freezing Rook,
1087,Sparking Rook,
1088,Plasma Rook,
1089,Thunder Rook,
1090,Lightning Rook,
1091,Cardo Bow,
1092,Cardo Rook,
1093,Cardo Arc,
1094,Rote Mistel,
1095,Rotes Kapitel,
1096,Amethyst Raven Ⅰ,
1097,Amethyst Raven Ⅱ,
1098,Amethyst Raven Ⅲ,
1099,Amethyst Raven Ⅳ,
1100,Amethyst Raven Ⅴ,
1101,Suez Ⅰ,
1102,Suez Ⅱ,
1103,Suez Ⅲ,
1104,Suez Shilka,
1105,Teo's Blaze,
1106,Luna's Dread,
1107,Hate Horn,
1108,Fury Horn,
1109,Rampage Horn,
1110,Eques Squall,
1111,Eques Nephthis,
1112,Weisser Krater,
1113,Strega Squall,
1114,Strega Pephtis,
1115,Schwarzer Krater,
1116,Amethyst Puffer Ⅰ,
1117,Amethyst Puffer Ⅱ,
1118,Amethyst Puffer Ⅲ,
1119,Amethyst Puffer Ⅳ,
1120,Azuma Rifle,
1121,Azuma Derifle,
1122,6204・バーティ・クェンネル,Barty Quennel
1123,Azuma Rose,
1124,Azuma Derose,
1125,6504・キヴァラ・クェンネル,Kivara Quennel
1126,Ruko's Imbell,
1127,Ruko's Flugel,
1128,Niger's Flugel,
1129,Reus Yell,
1130,Reus Howl,
1131,Reus Roar,
1132,VLS-7507,
1133,Himeka Battler,
1134,6E04・ヒメカ・ボドゥラ,Himeka Bodura
1135,6F04・ヒメカ・マドゥラ,Himeka Madura
1136,Fury Bow,
1137,"Fury Bow ""Night Fog""",
1138,"Fury Bow ""Ice Rain""",
1139,"Fury Bow ""Blizzard""",
1140,"Fury Bow ""Winter""",
1141,Breath Scissor,
1142,Sigh Scissor,
1143,Gasp Scissor,
1144,Choke Scissor,
1145,Tonil Ⅰ,
1146,Tonil Ⅱ,
1147,Tonil Ⅲ,
1148,Destonil,
1149,Mk2 Heavy Bowgun,
1150,Mk3 Heavy Bowgun,
1151,Mk4 Heavy Bowgun,
1152,Kusha's Rera,
1153,Kusha's Ibe,
1154,Kusha's Pesos,
1155,Cardo Squall,
1156,Cardo Peftis,
1157,Rotkrater,
1158,Rote Krone,
1159,Mina Rios,
1160,Mina Octo,
1161,Mina Maios,
1162,Lovely Gun,
1163,Lovely Assault,
1164,Lovely Splash,
1165,Baby Gun,
1166,Baby Assault,
1167,Baby Blaster,
1168,Amethyst Killi Ⅰ,
1169,Amethyst Killi Ⅱ,
1170,Amethyst Killi Ⅲ,
1171,Amethyst Killi Ⅳ,
1172,Eques Story,
1173,Eques Law,
1174,Eques Strada,
1175,Weissglanz,
1176,Weissstern,
1177,Strega's Story,
1178,Strega's Law,
1179,Strega Strada,
1180,Schwarzglanz,
1181,Schwarzstern,
1182,Flash Shadow Bow,
1183,"Flash Shadow Bow ""Quick""",
1184,"Flash Shadow Bow ""Swift""",
1185,"Flash Shadow Bow ""Blink""",
1186,Indigo Bow,
1187,"Indigo Bow ""Blue""",
1188,"Indigo Bow ""Navy""",
1189,"Indigo Bow ""Quiet""",
1190,Drizzle Bow,
1191,"Drizzle Bow ""Drop""",
1192,"Drizzle Bow ""Mist""",
1193,"Drizzle Bow ""Cloud""",
1194,Scarlet Bow,
1195,"Scarlet Bow ""Crimson""",
1196,"Scarlet Bow ""Vermillion""",
1197,"Scarlet Bow ""Flame""",
1198,Thunderclap Bow,
1199,"Thndrclap Bow""Lightning""",
1200,"Thunderclap Bow ""Bolt""",
1201,"Thunderclap Bow ""Glint""",
1202,Black Bow,
1203,"Black Bow ""Evening""",
1204,"Black Bow ""Night""",
1205,"Black Bow ""Eternity""",
1206,Enki Frostbow,
1207,Enki Fierce Frostbow,
1208,Enki Violent Frostbow,
1209,Prototype Workshop Bow,
1210,Official Workshop Bow,
1211,Official Workshop Bow+,
1212,Factory Chief Longbow,
1213,W.Prototype Workshop Bow,
1214,W.Official Wokshop Bow,
1215,W.Official Wokshop Bow+,
1216,"FctoryChiefLongbow""Rain""",
1217,Weiskapitel,
1218,Schwarzkapitel,
1219,Amicus Arc Ⅴ,
1220,C404・相互ラグマ式放雷弓,Dual Ragma Thunder Bow
1221,Argen Cannon,
1222,Argen Launcher,
1223,Zilvawiese,
1224,Zilvadune,
1225,Argen Bowgun,
1226,CA04・アルゲンフェキア,Argen Fekia
1227,Zilvagerade,
1228,Zilvalinie,
1229,Argen Bow,
1230,Argen Rook,
1231,Zilvamist,
1232,Zilvakapitel,
1233,Power Stinger,
1234,Wild Stinger,
1235,Fatal Stinker,
1236,Kut-Ku Firebird,
1237,Kut-Ku Viper,
1238,D604・クックソルトティス,Cook Salt Tis
1239,Heartless Satan,
1240,Heartless Blaze,
1241,Heartless Luxus,
1242,Queen Blaster,
1243,Queen's Melody,
1244,Queen's Rhapsody,
1245,Queen's Blitz,
1246,Quiet Plesioth Bow,
1247,Motion Plesioth Bow,
1248,Violent Plesioth Bow,
1249,Ferocious Plesioth Bow,
1250,Ruko's Lumen,
1251,Ruko's Tenebra,
1252,Niger's Tebera,
1253,Graveley,
1254,Gravilina,
1255,Gravifrey,
1256,Nero's Howl,
1257,Nero's Roar,
1258,Nero's Blaster,
1259,"Alpha Canis ""Snowstorm""",
1260,Anteka Bomber,
1261,Weiss Dune,
1262,Schwarz Dune,
1263,Diablos Firearm,
1264,Diablack Firearm,
1265,Lao-Shan Dragon Cannon,
1266,Vor Kanone,
1267,Rare Metal Frame,
1268,Weisskrone,
1269,Schwarzkrone,
1270,Scarlet LBG,
1271,"Scarlet LBG ""Ripple""",
1272,"Scarlet LBG ""Bird""",
1273,"Scarlet LBG ""Heroic""",
1274,Artemis Heart,
1275,Artemis Baretta,
1276,Artemis Wasp,
1277,Uniata,
1278,Uniatti,
1279,Uniatti Gano,
1280,Ecruter,
1281,0105・イクルッティ,Ikurutti
1282,0205・イクロン・ガーノ,Ikron Garno
1283,0305・エクエスシュナット,Eques Schnatt
1284,Eques Bayonet,
1285,Weisse Knospe,
1286,Weisse Blume,
1287,0705・ストレガシュナット,Stregashunat
1288,Strega Bayonet,
1289,Schwarze Knospe,
1290,Schwarze Blume,
1291,Weisslinie,
1292,Schwarzlinie,
1293,Flash Fire Wrath,
1294,Dirty Bandage,
1295,Sleeping Demon,
1296,Scarlet Bow,
1297,"Scarlet Bow ""Glint""",
1298,"Scarlet Bow ""Cormorant""",
1299,"Scarlet Bow ""Insight""",
1300,"Scarlet Bow ""Eagle Eye""",
1301,"Scarlet Bow ""Hawk Eye""",
1302,Akantor Bow,
1303,Akantor Supremacy,
1304,Akantor Commandment,
1305,Akantor Tyranny,
1306,Brave Bow Ⅰ,
1307,Brave Bow Ⅱ,
1308,Brave Bow Ⅲ,
1309,Brave Shooter,
1310,Enki Stormbow,
1311,Enki Fierce Stormbow,
1312,Enki Violent Stormbow,
1313,Scorpio Aquabow,
1314,Scorpio Fierce Aquabow,
1315,Scorpio Violent Flamebow,
1316,2405・イエラブリーヤ,Ierabriya
1317,2505・イエラディスパル,Ieradispal
1318,2605・イエラタラルド,Iela Tarald
1319,2705・エル・グラシル,El Gracil
1320,2805・ドレックブリーヤ,Dreck Briya
1321,2905・ドレックディスパル,Dreck Dispall
1322,2A05・ドレックタラルド,Dreck Tarald
1323,El Assassinator,
1324,Vashimu Bow,
1325,Vashimu Arrow,
1326,Vashimu Shot,
1327,Vashimu Blaster,
1328,"Black Bow ""Mist""",
1329,"Deep Sea Bow ""Ryugu""",
1330,Heart Shot Bow III,
1331,"Dragon Bow ""Ruins""",
1332,Fortea Flatus,
1333,3505・アートルマテリア,Artle Materia
1334,Taikun Cannon,
1335,"TaikunCannon""Aspidistra""",
1336,"Taikun Cannon ""Gunnera""",
1337,"Taikannon ""Dysosma""",
1338,"Fury Hbg ""Sakura"" SP",
1339,Lava Breath Heavy Bowgun,
1340,Lava Voice Heavy Bowgun,
1341,Lava Song Heavy Bowun,
1342,Succession Gun,
1343,Era Succession Bowgun,
1344,Awa Succession Bowgun,
1345,Yama Succession Bowgun,
1346,Kushala's Divinity,
1347,Tank Mage Ⅱ,
1348,Lava Heretic,
1349,Gravios Howl,
1350,Ophion Launcher,
1351,"Ophion Launcher ""Flash""",
1352,"Ophion Launcher ""Shine""",
1353,"Ophion Launcher ""Glory""",
1354,Ferrum Rose,
1355,Cooper Rose,
1356,Metal Rose,
1357,Teo's Barrage,
1358,Waltz Iceshot,
1359,Waltz Fierce Iceshot,
1360,Waltz Savage Iceshot,
1361,VLS-9701,
1362,Red Cat Eternal,
1363,Goldfish Cannon,
1364,Today's Cat House,
1365,Furious Gale,
1366,Hailbullet・White,Hailbullet White
1367,Iron Fire Gun+,
1368,Eulenklinge,
1369,Falkenklinge,
1370,Adlerklinge,
1371,Himmel Level,
1372,Blitz Level,
1373,Frost Bow,
1374,"Frost Bow ""Cold Wave""",
1375,"Frost Bow ""Ice Flower""",
1376,"Frost Bow ""Northwind""",
1377,Durodia,
1378,Cordurodia,
1379,Podurodia,
1380,6405・クロークジュード,Cloak Jude
1381,Tamil Tier,
1382,6605・コタミルティア,Kotamiltia
1383,6705・ポタミルティア,Potamiltia
1384,6805・ビザーモルド,Biza Mold
1385,Scorpio Flamebow,
1386,Scorpio Fierce Flamebow,
1387,Scorpio Violent Flamebow,
1388,Lucky Bow,
1389,Lucky Solis,
1390,Lucky Lunar,
1391,Twilight,
1392,Cardo Strier,
1393,Cardo Stark,
1394,Rotglanz,
1395,Rotstern,
1396,7405・オステオン・メリッタ,Osteon Melitta
1397,7505・オステオン・マリキタ,Osteon Marikita
1398,7605・オステオン・シガール,Osteon Cigar
1399,7705・オステオン・グリレ,Osteon Grire
1400,Heart Shooter,
1401,Frozen Leather Bow,
1402,Diff Bow,
1403,Invincible Prosperity B.,
1404,Schwarzriesen,
1405,Caravan Roar Gun,
1406,Schwarzsturm,
1407,VLS-9700α,
1408,Schwarztraene,
1409,"Black Bow ""Darkness""",
1410,Crystal Heavy Bowgun,
1411,Lucent Crystal Hbg,
1412,Flash Crystal Hbg,
1413,Dummy,
1414,Auf Klinge,
1415,Bogen Klinge,
1416,Zielen Klinge,
1417,Angry Rebel,
1418,Raven Heirlooom,
1419,Wolf Heirlooom,
1420,Crow Heirloom,
1421,Ophion Cannon,
1422,"Ophion Cannon ""Flash""",
1423,"Ophion Cannon ""Shine""",
1424,"Ophion Cannon ""Glory""",
1425,Aurora Cannon,
1426,Aurora Launcher,
1427,Gold Wiese,
1428,Gold Dune,
1429,Gold Fresser,
1430,9605・フェイムスパエラ,Fame Spaera
1431,9705・カリュプスパエラ,Kalyps Paela
1432,9805・カノ＝アンスル,Kano=Ansul
1433,Argum Sphere,
1434,9A05・ラティヌスパエラ,Latinus Paera
1435,9B05・ウル＝ベルカナ,Ul-Belkana
1436,9C05・レブ・マシロフ,Reb Mashirov
1437,9D05・レブ・ジグモス,Reb Jigmos
1438,9E05・レブ・クロガル,Rev Kurogal
1439,5th Type Heavy Bowgun,
1440,Zero Type Heavy Bowgun,
1441,S.Arbalest Ⅱ,
1442,Mega Buster Crab,
1443,Plesioth Scream,
1444,Reckless Wildboar Run,
1445,Reckless Wildboar Flail,
1446,Violent Wildboar Gun,
1447,Dummy,
1448,"Fury Lbg ""Verdure""SP",
1449,Aurora Bowgun,
1450,AA05・オーロワフェキア,Orowa Fekia
1451,Goldgerade,
1452,Goldlinie,
1453,Goldaura,
1454,Seia Bouquet,
1455,Thalia Bouquet,
1456,Venus Bouquet,
1457,Iris Bouquet,
1458,Charis Bouquet,
1459,Waltz Boltshot,
1460,Waltz Fierce Boltshot,
1461,Waltz Violent Boltshot,
1462,Isna Bowgun,
1463,Isna Baretta,
1464,Isna Blast,
1465,Isna Assault,
1466,BA05・サラーサボウガン,Sarasa Bowgun
1467,BB05・サラーサバレッツ,Sarasa Barretts
1468,BC05・サラーサブラスト,Salasa Blast
1469,BD05・サラーサアサルト,Sarasa Assault
1470,Chaos Parasol,
1471,Lavafish Light Gun,
1472,Wild Blessing,
1473,Ruko's Comet,
1474,Ruko's Stellar,
1475,Ruko's Lunar,
1476,Niger L. Ruko,
1477,Niger's Luna,
1478,Kirschfeuer,
1479,Kirschflamme,
1480,Kirschhitze,
1481,Kirschsonne,
1482,"FuryBow""Sakurastorm""",
1483,Jebia Bow,
1484,Jebia Arrow,
1485,Jebia Shot,
1486,Jebia Blaster,
1487,Jebia Buster,
1488,Aurora Bow,
1489,Aurora Rook,
1490,Goldmistel,
1491,Goldkapitel,
1492,Goldreise,
1493,Lunar Volar,
1494,Lunar Saltar,
1495,D705・オステオン・パウーク,Osteon Pauk
1496,Amicus Arrow,
1497,"Indigo bow ""Winter""",
1498,Rush Bow,
1499,Excellent Bow,
1500,Power Hunter Bow Ⅴ,
1501,DD05・アートルマックス,Artolmax
1502,Sapphir Raven Ⅴ,
1503,DF05・弩岩重弩【射】,Rockbolt HBG [Shot]
1504,E005・弩岩獄重弩【構射】,Rockbolt Hell: Stance Shot
1505,E105・弩岩獄重弩【狙熱射】,Rockbolt Hell: Heat Snipe
1506,Comet Sheelking Hbg,
1507,True Crane Thunder Bow,
1508,Epidemic Buster Ⅰ,
1509,Epidemic Buster Ⅱ,
1510,Epidemic Buster Ⅲ,
1511,Cambio Devil Ⅰ,
1512,Cambio Devil Ⅱ,
1513,Cambio Devil Ⅲ,
1514,Schwarz Fressen,
1515,Steamwork Heavy Bowgun,
1516,Steamwork Heavy Bowgun+,
1517,Ultra Steamwork Hbg,
1518,Seras Multi-Type Cannon,
1519,Arc Multi_Type Cannon,
1520,Kushala's Silica,
1521,Melza Ⅰ,
1522,Melza Ⅱ,
1523,Melza Low,
1524,Dummy,
1525,Dummy,
1526,Dummy,
1527,Light Crystal Hbg,
1528,Bright Crystal Hbg,
1529,Flashing Crystal Hbg,
1530,Shining Crystal Hbg,
1531,True Floating Peak Gun,
1532,Lovely Bowgun,
1533,Lovely Bowgun+,
1534,Lovely Impact,
1535,Lovely Heart,
1536,Epidosis Bowgun I,
1537,Epidosis Bowgun II,
1538,Epidosis Bowgun III,
1539,Cambio Pistol I,
1540,Cambio Pistol II,
1541,Cambio Pistol III,
1542,Schwarzaura,
1543,0706・カルドシュナット,Kaldoshunat
1544,0806・カルドリャトーナ,Kaldoryatona
1545,Rote Knospe,
1546,Rote Blume,
1547,"Meat Cannon ""Well-Done""",
1548,0C06・パスリグオクトル,Pasrig Octol
1549,0D06・パスリグアミド,Pasuriguamido
1550,0E06・パスリグダイナ,Pasrig Daina
1551,Pissure Kali,
1552,Pissur Clin,
1553,Pissur Call,
1554,Mount Shasta,
1555,Grande Amore,
1556,Leben Rose,
1557,Taikun Bow,
1558,"Taikun Bow ""Coix""",
1559,"Taikun Bow ""Pennisetum""",
1560,"Great Taikun Bow ""Briza""",
1561,"Great Taikun Bow ""Ubume""",
1562,Daora's Gurua,
1563,Epidosis Bow I,
1564,Epidosis Bow II,
1565,Epidosis Bow III,
1566,Cambio Bow I,
1567,Cambio Bow II,
1568,Cambio Bow III,
1569,Schwarzriese,
1570,Caravan Bow VII,
1571,Link Ⅰ,
1572,Link Ⅱ,
1573,Link Ⅲ,
1574,Link Jackson,
1575,Aqua Shooter,
1576,Swamp Shooter,
1577,Mist Shooter,
1578,Irwin Shooter,
1579,Agama Shooter,
1580,Modon Shoter,
1581,Bron Shooter,
1582,Revay Shooter,
1583,Beer Shooter,
1584,Koro Shooter,
1585,Ukoba Shooter,
1586,Sulfur Shooter,
1587,Rubino Raven VI,
1588,Dummy,
1589,Dummy,
1590,Dummy,
1591,Dummy,
1592,Dummy,
1593,Dummy,
1594,Dummy,
1595,Dummy,
1596,Dummy,
1597,Dummy,
1598,Dummy,
1599,Last Launcher,
1600,Dragon Mortar,
1601,Lio Tempesta,
1602,Fort Cardinal,
1603,Fort Sorceress,
1604,Burst Stock,
1605,Shadow Stock,
1606,Sleeping Brute,
1607,Tempest Striker,
1608,Reverie Striker,
1609,Crimson Ranka,
1610,Torment Ranka,
1611,Sonic Bow Ⅷ,
1612,4C06・怒髪獄絶弓【千本桜】,"Hellwrath: 1,000 Blossoms"
1613,Daora's Anguila,
1614,True Phoenix Thunder Bow,
1615,Nebula Thermut,
1616,"Alpha Canis ""Ice Storm""",
1617,Shellking Meteor Shower,
1618,Teo's Kugel,
1619,"True Floating Peak""Soul""",
1620,Daora's Moarch,
1621,Snare Drum Sakura Bow,
1622,Snow Den Sakura Bow,
1623,Orchestra Sakura Bow,
1624,Hina Sakura bow,
1625,St.Piria Bow,
1626,St.Piria Beat,
1627,St.Piria Fan,
1628,St.Piria Madness,
1629,Plunderer Ⅰ,
1630,Plunderer Ⅱ,
1631,Plunderer Ⅲ,
1632,6006・ラダ・ワスタ,Rada Wasta
1633,Sawed Off Mortar,
1634,Wicked Mortar,
1635,Avarice Mortar,
1636,Barrage Mortar,
1637,Sawed Off Carbarine,
1638,Wicked Carbarine,
1639,Avarice Carbarine,
1640,Barrage Carbarine,
1641,First KT,
1642,Hearts KT,
1643,Cry KT,
1644,Natasha Arrow,
1645,"Natasha Arrow ""Fire""",
1646,"Natasha Arrow ""Water""",
1647,"Natasha Arrow ""Thunder""",
1648,"Natasha Arrow ""Ice""",
1649,"Natasha Arrow ""Dragon""",
1650,Normal Tiara Gun,
1651,Pierce Tiara Gun,
1652,Pellet Tiara Gun,
1653,Rapid Normal Tiara Gun,
1654,Rapid Pierce Tiara Gun,
1655,Rapid Pellet Tiara Gun,
1656,Uwel Cannon,
1657,7906・ユウェルカノン・属,Yuwell Cannon Element
1658,7A06・ユウェルカノン・拡,Yuwell Cannon Spread
1659,Normal Uwel Cannon,
1660,Pierce Uwel Cannon,
1661,Spread Uwel Cannon,
1662,Initial,
1663,Awis Launcher,
1664,Vola Cannon,
1665,Noble Casador,
1666,Noble Reina,
1667,Noble Brearth,
1668,Azure Twinkle,
1669,Luna's Anneue,
1670,Pile Ⅰ,
1671,Pile Ⅱ,
1672,Pile Ⅲ,
1673,Pile Ⅳ,
1674,Pile Atus,
1675,Infinity Bowgun,
1676,Awis Bowgun,
1677,Vola Bowgun,
1678,Strafe Chista,
1679,Strafe Zlowy,
1680,Strafe Gravy,
1681,Vaultsquall,
1682,Wisequall,
1683,Shivana Shooter,
1684,Kirino Touri,
1685,Kirino Ragumo,
1686,Kirino Perfa,
1687,Kuruma Exa,
1688,Kuruma Vance,
1689,Iste Eli,
1690,Vre Tower,
1691,Vre Ragumo,
1692,Vre Perfa,
1693,Vero Exa,
1694,Vero Cupid,
1695,Iriku Eli,
1696,Fake Projection Ⅰ,
1697,Fake Projection Ⅱ,
1698,Fake Projection Ⅲ,
1699,Fake Projection Ⅳ,
1700,Fake Projection Ⅴ,
1701,Infinity Bow,
1702,Awis Shooter,
1703,Vola Bow,
1704,Cyprelaval,
1705,Belumbal SP,
1706,Trembal,
1707,Shipler Bowgun,
1708,Dark Curtain Bowgun SP,
1709,Tremor Bowgun,
1710,Shipler Bow,
1711,Velum Bow SPⅠ,
1712,Velum Bow SPⅣ,
1713,Velum Bow SPⅦ,
1714,Tremor Bow,
1715,Dummy,
1716,Dummy,
1717,Bird Wyvern Bow,
1718,Kut-Ku Launcher,
1719,BB Kut-Ku Heavy Bowgun,
1720,Asta Arc,
1721,Iron Bowgun,
1722,Asta Cannon,
1723,Shira Arccoil,
1724,Maradi Roar,
1725,BD06・アールツェリダ,Ahl Tserida
1726,Realm Hunter,
1727,Cluedo Bow,
1728,Cluedo Bendito,
1729,Pewby,
1730,Gun Jaro,
1731,Queen Shooter,
1732,Valkyrie Flare,
1733,Tricannon,
1734,Roca Arc,
1735,Hyuji Impact Crossbow,
1736,Hyuji Mortar,
1737,Light Arrow,
1738,Bordeaux Light,
1739,Vortex,
1740,Hyuji Stinger,
1741,Lightning Bow,
1742,Lightning Cannon,
1743,Lightning Turret,
1744,Meteor Bow,
1745,Los Jam,
1746,Lio Pain Storm,
1747,Liuge Arrow,
1748,Liuge Bowgun,
1749,Liuge Cannon,
1750,"Burstwolf Bow ""Attack""",
1751,Dummy,
1752,Dummy,
1753,Dummy,
1754,Dummy,
1755,Dummy,
1756,Dummy,
1757,Dummy,
1758,Dummy,
1759,Dummy,
1760,Dummy,
1761,Varian Rifle,
1762,Varian Scourge,
1763,Varian Carbine,
1764,Varian Draw,
1765,Varian Blast,
1766,Varian Monsoon,
1767,Essence Rifle,
1768,Essence Scourge,
1769,Essence Carbine,
1770,Essence Draw,
1771,Essence Blast,
1772,Essence Torrent,
1773,Sturm Cannon,
1774,Pure Guidance Gun,
1775,Buster Launcher,
1776,Hydra Mortar,
1777,F106・エイリア・クェンネル,Elia Quennel
1778,F206・エイリア・ウィル,Aeria Will
1779,F306・トーメン・クェンネル,Tomen Quennel
1780,F406・トーメン・ウィル,Tormen Will
1781,Tita Kanone,
1782,Tita Tyra,
1783,Tita Star,
1784,Tita L Astra,
1785,True Eagle Darkbolt Gun,
1786,Shadowshot Odi Cannon,
1787,Nebula Mortar,
1788,"Alpha Canis""Frozen Soil""",
1789,"Alpha Canis ""Moonless""",
1790,Immortal Carbine,
1791,Immortal Cannon,
1792,Immortal Burst,
1793,Immortal Assault,
1794,Immortal Predator,
1795,Immortalism,
1796,Battle Fury,
1797,Raging Fury,
1798,Creeping Fury,
1799,Abyssal Fury,
1800,Raining Fury,
1801,Ravenous Fury,
1802,Ein Ⅰ,
1803,Ein Ⅱ,
1804,Ein Ⅲ,
1805,Ein Ⅳ,
1806,Ein Ira,
1807,Nut Rush,
1808,Nuts Assault,
1809,Nuts Barrage,
1810,Tasty Nuts,
1811,Chocolate Rush,
1812,Chocolate Assault,
1813,Chocolate Barrage,
1814,Tasty Chocolate,
1815,Cookie Rush,
1816,Cookie Assault,
1817,Cookie Barrage,
1818,Tasty Cookie,
1819,Raisin Rush,
1820,Raisin Assault,
1821,Raisin Barrage,
1822,Tasty Raisin,
1823,Sturm Bowgun,
1824,Unicom Burst,
1825,Unicom Pain,
1826,Ichrom Burst,
1827,Ichrom Bite,
1828,Nadel Paralyze,
1829,Nadel Drive,
1830,Nadel Toxic,
1831,Nadel Miasma,
1832,Carbis Materi,
1833,Caldorarvis Materi,
1834,Carbis Eleme,
1835,Caldora Eleme,
1836,Tita Barra,
1837,Tita Juvia,
1838,Tita Destor,
1839,Tita L Libera,
1840,True Redpoll Drkbolt Gun,
1841,Teo's Colund,
1842,True Floating Heaven Gun,
1843,Daora's Ruler,
1844,Sturdy Machine-Type Bow,
1845,Einzel Arrow,
1846,Einzel Shard,
1847,Einzel Herald,
1848,Einzel Nature,
1849,Einzel Reveri,
1850,Elfen Whisper,
1851,Sturmbow,
1852,3C07・相互グロル式蓄雷弓,Grol Mutual Thunderstore
1853,Testament Striker,
1854,Realm Striker,
1855,Siridial Dragoon,
1856,Fury Dragoon,
1857,Siridial Tempest,
1858,Fury Tempest,
1859,Steel Raven Ⅵ,
1860,Tita Ruda,
1861,Tita Soldier,
1862,Tita Ducha,
1863,Tita L. Arc,
1864,Dodonga Note,
1865,"Fury Bow ""Blossom""",
1866,Daora's Anguilon,
1867,True Pheonix Dance Bow,
1868,Tita Despeed,
1869,Gravios Felsen,
1870,Despot's Boom,
1871,Metal Acid,
1872,Melt Cannon,
1873,Rosen Dasein,
1874,Thunderstorm,
1875,Saw-Tooth Blaster,
1876,Galvalist,
1877,Vashimu Mortar,
1878,Barbarian Cannon,
1879,5707・ネヴェアンカーネ,Neve Ankane
1880,Negative Thunderpole Gun,
1881,Tita Hurricane,
1882,Shantien Gun,
1883,Artsbal,
1884,Despot's Fire,
1885,Prayerfall,
1886,Frostmist Gun,
1887,Melting Blow,
1888,Rosen Gerissen,
1889,Ten-Thousand Volts,
1890,Garuga Howl,
1891,Vashimu Schwanz,
1892,Barbarian Gun,
1893,6507・ネヴェアドロル,Neveadrol
1894,Tita Bestie,
1895,Earl Felsen,
1896,Despot's Archer,
1897,Pariaruta,
1898,Molten Dragon Bow,
1899,Rosen Nachweis,
1900,Lion's Claw Bow,
1901,Bright Night,
1902,6E07・ヴェアレイター,Veareiter
1903,Barbarian Bow,
1904,Neve Argen,
1905,Frozen Calamity Bow,
1906,Steel Razor Bow,
1907,"Star Eagle Bow ""Galaxy""",
1908,"Star Eagle Bow""Nightsky""",
1909,"Hoshikin Bow ""Galaxy""",
1910,"Hoshikin Bow""Nightsky""",
1911,Dummy,
1912,Dummy,
1913,Dummy,
1914,Dummy,
1915,Dummy,
1916,Dummy,
1917,Dummy,
1918,Dummy,
1919,Dummy,
1920,Dummy,
1921,Dummy,
1922,Dummy,
1923,Dummy,
1924,Dummy,
1925,Dummy,
1926,Dummy,
1927,Dummy,
1928,Dummy,
1929,Dummy,
1930,Dummy,
1931,Dummy,
1932,Dummy,
1933,Dummy,
1934,Dummy,
1935,Dummy,
1936,Dummy,
1937,Dummy,
1938,Dummy,
1939,Dummy,
1940,Dummy,
1941,Dummy,
1942,Dummy,
1943,Dummy,
1944,Dummy,
1945,Dummy,
1946,Dummy,
1947,Dummy,
1948,Dummy,
1949,Dummy,
1950,Dummy,
1951,Dummy,
1952,Dummy,
1953,Dummy,
1954,Dummy,
1955,Dummy,
1956,Dummy,
1957,Dummy,
1958,Dummy,
1959,Dummy,
1960,Dummy,
1961,Dummy,
1962,Dummy,
1963,Dummy,
1964,Dummy,
1965,Dummy,
1966,Dummy,
1967,Dummy,
1968,Black Bow,
1969,Croix Bogen,
1970,Croix Arch,
1971,Croix Arc,
1972,Croix Spark,
1973,Schadenberg,
1974,Yuen Bow,
1975,Yuen Bogen,
1976,Yuen Arch,
1977,Yuen Arc,
1978,Yuen Spark,
1979,Voldenberg,
1980,BC07・ゲネアレギルング,Genea Regilung
1981,BD07・ケラスレギルング,Keras Regilung
1982,BE07・プテラレギルング,Ptera Regilung
1983,BF07・ケルコスレギルング,Kelkos Regilung
1984,C007・カルデアレギルング,Chaldea Regilung
1985,C107・レギアージュミデン,Regia Jumiden
1986,C207・ゲネアドーレ,Geneadore
1987,C307・ケラスドーレ,Kerasdore
1988,C407・プテラドーレ,Pteradore
1989,C507・ケルコスドーレ,Kelkosdore
1990,C607・カルデアドーレ,Chaldea Dore
1991,C707・ドレアージュミデン,Doreage Miden
1992,Golden Feather Moon God,
1993,Golden Feather Clarity,
1994,Golden Feather Purity,
1995,Golden Feather Moonlight,
1996,Golden Feather Evil Bust,
1997,Ryucoin Sectia,
1998,Golden Feather Sun,
1999,Golden Feather Sunlight,
2000,Golden Feather Ares,
2001,Golden Feather Blaze,
2002,Golden Feather Wildfire,
2003,Hematoin Sectia,
2004,D407・ポリカスパルト,Policaspalt
2005,D507・ポリバルラークシン,Polybar Lark Shin
2006,D607・ポリバルーベントゥダ,Polybal Ventuda
2007,D707・ポリバルーライネド,Polybaru Lained
2008,D807・アグスティバルトロン,Agusti Baltron
2009,D907・トワルフプリック,Twaluf Prick
2010,DA07・トワルフアントラー,Twal F Antler
2011,DB07・トワルフエインガル,Twal F Eingal
2012,DC07・トワルフゾルン,Twalff Zorn
2013,DD07・ハイデンツヴェルフ,Heidenzwelf
2014,DE07・デオギスジン,Deogisjin
2015,DF07・デオギスエギア,Deogis Egia
2016,E007・デオギスアゴル,Deogis Agol
2017,E107・デオギスアキュス,Deogis Accus
2018,E207・ヴァシラツヴェルフ,Vashira Zvelf
2019,Twin Saints Nidhoggr Ⅰ,
2020,Twin Saints Nidhoggr Ⅱ,
2021,Twin Saints Nidhoggr Ⅲ,
2022,Twin Saints Nidhoggr Ⅳ,
2023,Twin Saints Nidhoggr Ⅴ,
2024,Nidhoggr Snake Bow Ⅰ,
2025,Nidhoggr Snake Bow Ⅱ,
2026,Nidhoggr Snake Bow Ⅲ,
2027,Nidhoggr Snake Bow Ⅳ,
2028,Nidhoggr Snake Bow Ⅴ,
2029,Jealousy Ⅰ,
2030,Jealousy Ⅱ,
2031,Jealousy Ⅲ,
2032,Jealousy Ⅳ,
2033,Jealousy Ⅴ,
2034,Epidemic Ⅰ,
2035,Epidemic Ⅱ,
2036,Epidemic Ⅲ,
2037,Epidemic Ⅳ,
2038,Epidemic Ⅴ,
2039,Knuckle KG Viper,
2040,Knuckle KG Proxy,
2041,Knuckle KG Maxima,
2042,Knuckle Mauser,
2043,Knuckle Salver,
2044,FC07・アスカールカルデ,Askarl Karde
2045,FD07・アスカールホルム,Askarl Holm
2046,FE07・アスカールヘナンテ,Askarl Henante
2047,FF07・アスカールゲーテ,Askarl Goethe
2048,0008・アスカールダムド,Ascal Damned
2049,Orion Bazooka,
2050,Orion Casper,
2051,Orion Christel,
2052,0408・ミンタギューヘキサ,Mintagyu Hexa
2053,0508・ミンタギュープラッタ,Mintagyu Plata
2054,0608・ミンタギューマルター,Mintagyu Maltar
2055,0708・ミンタギューロミル,Mintagyu Romil
2056,0808・ミンタギューミロード,Mintagyu Milord
2057,0908・アスレーゼシグマ,Asleze Sigma
2058,0A08・アスレーゼグライド,Asleze Glide
2059,0B08・アスレーゼマイリー,Asleze Miley
2060,0C08・アスレーゼゼクス,Asureze Zekusu
2061,0D08・アスレーゼデーテ,Asureze Dete
2062,0E08・ジュピレットグリッド,Jupilet Grid
2063,0F08・ジュピレットパラス,Jupillet Pallas
2064,1008・ジュピレットジュリー,Jupillet Julie
2065,1108・ジュピレットジェノマ,Jupirett Genoma
2066,1208・ジュピレットジェリア,Jupilet Jeria
2067,Wreath Bow,
2068,Awreath Bow,
2069,Tsuwreath Bow,
2070,Dowreath Bow,
2071,Filwreath Bow,
2072,Adret Wreath Bow,
2073,1908・ヴォーラシュナット,Vola Schnat
2074,Vola Squall,
2075,Vola Strier,
2076,Noble Alert,
2077,Noble Alcaide,
2078,Noble Arcuda,
2079,1F08・アスールエヘルシト,Azur Ehershito
2080,Lovely Mind,
2081,Lovely Order,
2082,Anteka Storm,
2083,Anteka Tempest,
2084,Heart Sniper,
2085,Critical Heart,
2086,Vashimu Hope,
2087,Vashimu Freedom,
2088,Dusk,
2089,Lucky Dawn,
2090,Aroma Sakura Spirit Bow,
2091,Grace Sakura Spirit Bow,
2092,"Zeru Scream ""Light""",
2093,"Zeru Scream ""Gleam""",
2094,"Zeru Scream ""Dazzle""",
2095,"Zeru Scream ""Shine""",
2096,"Zeru Scream ""Luster""",
2097,"Zeru Murmur ""Light""",
2098,"Zeru Murmur ""Gleam""",
2099,"Zeru Murmur ""Dazzle""",
2100,"Zeru Murmur ""Shine""",
2101,"Zeru Murmur ""Luster""",
2102,"Zeru Archer ""Light""",
2103,"Zeru Archer ""Gleam""",
2104,"Zeru Archer ""Dazzle""",
2105,"Zeru Archer ""Shine""",
2106,"Zeru Archer ""Luster""",
2107,3B08・バル・オッジ,Bal Odge
2108,Baru Bloodease,
2109,Baru Bloodurn,
2110,Baru Bloodvessel,
2111,Baru Bloodglitter,
2112,Baru Bloodpower,
2113,Baru Bloodgrace,
2114,Baru Bloodpure,
2115,Gendrome Parks,
2116,Iodrome Parks,
2117,Sablefall,
2118,4608・パワーサブール,Power Saber
2119,Blos Fear Bow,
2120,Plesioth Stream,
2121,Ex Crane Thndrdance Bow,
2122,Gravios Explosion Bowgun,
2123,Bloodeating Artillery,
2124,Blooddrinking Cannon,
2125,Para Bloodeating Bow,
2126,Toxic Bloodeating Cannon,
2127,Collapse＆Extinction Bow,
2128,5008・トラグ・ベック,Trag Beck
2129,5108・トラグ・ロアー,Trag Roar
2130,5208・トラグ・コール,Trag Call
2131,Ti amo Blanc,
2132,Adamas White,
2133,Burea Sweezy,
2134,Sweezy Mana,
2135,Purfa Set,
2136,Zafra Set,
2137,Flamme Radium,
2138,Flamme Larma,
2139,Suez Urga,
2140,Suez Arch,
2141,Maltonil,
2142,Tonil Harasue,
2143,"God's Majesty ""2.Coming""",
2144,"God's Palace""2.Coming""",
2145,6108・メラワン・ディーン,Merawan Dean
2146,6208・ディンナティメラス,Dinnatimeras
2147,6308・ヤクゥイ・ナルハル,Yakui Naruharu
2148,6408・テオスヤクゥイウス,Teos Yakwius
2149,6508・業弩壱式【円満】,Karma BG I: Harmony
2150,6608・業弩壱式【千成】,Karma BG I: Thousandfold
2151,6708・業弩弐式【円満】,Karma BG II: Harmony
2152,6808・業弩弐式【千成】,Karma BG II: Thousandfold
2153,Chrysos Fetal,
2154,Ochrysos Magam,
2155,6B08・ソス・ラムロ,Sos Ramro
2156,6C08・ミラーソスグート,Mirror Sosgoot
2157,6D08・ヒメカ・デンドゥラ,Himeka Dendura
2158,6E08・ヒメカ・レジナドゥラ,Himeka Reginadura
2159,Mina Bytes,
2160,Mina Forne,
2161,Professional Rifle,
2162,7208・レプティクテライフル,Repticte Rifle
2163,Itasis Launcher,
2164,Epigaus Launcher,
2165,Ryufu Entra,
2166,Ryufu Corinal,
2167,Hallucination Blos,
2168,Illusion Blos,
2169,7908・クロークジュディル,Cloak Judil
2170,7A08・クロークロディア,Cloak Rodia
2171,7B08・バドーモルド,Bado Mold
2172,7C08・モルドグランデ,Mold Grande
2173,"Felyne Bow ""Cat Stamp""",
2174,"Melynx Bow ""Cat Face""",
2175,Prox Crane,
2176,8008・ヒーシュライアー,Heesh Lier
2177,Pramia Crane,
2178,Kali Schreier,
2179,Ryufu Margie,
2180,Writhe Blos,
2181,8508・クロークルブラン,Crookur Blanc
2182,8608・モルドセジョン,Mordecion
2183,"Felyne Bow ""Golden Cat""",
2184,"Melynx Bow""Treasure Cat""",
2185,8908・フォースシュライアー,Force Shreier
2186,Mirage Schreier,
2187,8B08・ハイディンティメラ,Heidintimera
2188,8C08・マウヤクゥイラーグ,Mauyakwilarg
2189,8D08・業弩壱式【繁栄】,Karma BG I: Prosperity
2190,8E08・業弩弐式【繁栄】,Karma BG II: Prosperity
2191,Mika Chrysoshia,
2192,9008・ミラソスグリンマー,Mirasos Grinmer
2193,9108・ヒメカ・マイカドゥラ,Himeka Maikadura
2194,Mina Maruanoff,
2195,Loyalty Rifle,
2196,Agelos Launcher,
2197,Jealousy Ⅵ,
2198,Epidemic Ⅵ,
2199,Nadel Klueger,
2200,Nadel Rook,
2201,9908・エイリア・ルジオ,Aelia Rugio
2202,9A08・トーメン・ルジオ,Tormen Rujio
2203,Fake Projection Ⅵ,
2204,Baru Bloodattack,
2205,Baru Blooddesire,
2206,Baru Blodimpulse,
2207,Baru Bloodcrime,
2208,Baru Bloodjack,
2209,Bloodeating Gun,
2210,Blooddrinking Gun,
2211,Para Bloodeating Gun,
2212,Toxic Bloodeating Gun,
2213,Bloodeating Bow,
2214,Blooddrinking Bow,
2215,Para Bloodeating Bow,
2216,Toxic Bloodeating Bow,
2217,Core Summit,
2218,Core Burg,
2219,AB08・コーレバザルマ,Korebazaruma
2220,AC08・コーレバグレス,Cole Bagres
2221,Core War,
2222,AE08・コーレガイト,Koregait
2223,AF08・コーレガネス,Koreganes
2224,B008・コーレガネオス,Koreganeos
2225,B108・コーレガストム,Kohle Gastom
2226,B208・コーレガンドロフ,Kore Gandlof
2227,B308・コーレリグト,Kolelight
2228,B408・コーレリスド,Corelisud
2229,B508・コーレリザード,Core Lizard
2230,B608・コーレリグネイド,Kore Lignaid
2231,B708・コーレリシュラード,- Koleri Shlade
2232,Baru Bloodcrane,
2233,B908・バル・ノート,Bal Note
2234,True Sparrow DarkboltGun,
2235,True Osprey Darkbolt Gun,
2236,True Feng Darkbolt Bow,
2237,Daora's Frigate,
2238,Dodonga Force,
2239,BF08・パラージゼスカル,Pralage Skull
2240,C008・フィートゼスカル,Fietzescal
2241,C108・ディマトゼスカル,Dimato Zescal
2242,C208・アレドゼスカル,Aredo Zescal
2243,C308・マザドゼスカル,Mazado Zescal
2244,C408・グラドゼスカル,Gladzescal
2245,C508・バズドゼスカル,Bazdozescal
2246,C608・パラージフェジカ,Parage Fejika
2247,C708・フィートフェジカ,Feet Fejika
2248,C808・ディマトフェジカ,Dimatofejika
2249,C908・アレドフェジカ,Aredofejika
2250,CA08・マザドフェジカ,Mazad Fejika
2251,CB08・グラドフェジカ,Grad Fejika
2252,CC08・バズドフェジカ,Bazd Fejika
2253,CD08・パートルショット,Partol Shot
2254,CE08・サフィールショット,Sapphire Shot
2255,Dummy,
2256,Ruby Shot,
2257,Opal Shot,
2258,D208・ディル・メレーナ,Dil Melena
2259,D308・レーヴ・ティアーナ,Reve Tiana
2260,April Shot,
2261,May Shot,
2262,Dummy,
2263,December Shot,
2264,June Shot,
2265,D908・ディル・シェーン,Dill Schoen
2266,DA08・ベル・ティアーナ,Bell Tiana
2267,DB08・カエラ＝アンスル,Caela=Ansur
2268,DC08・ジル＝アンスル,Jil=Ansur
2269,DD08・テツギ＝ベルカナ,Tetsugi = Belkana
2270,DE08・ドル＝ベルカナ,Dol Belkana
2271,Gold Cat Gun Mk4,
2272,Gold Cat Gun Mk5,
2273,Gold Cat Gun Mk6,
2274,Silver Cat Gun Mk4,
2275,Silver Cat Gun Mk5,
2276,Silver Cat Gun Mk6,
2277,Arcus Cardinal,
2278,Puerta Cardinal,
2279,Arcus Sorceress,
2280,Puerta Sorceress,
2281,Suedkugel,
2282,Westkugel,
2283,Meridiankugel,
2284,Isna Aria,
2285,Isna Bank,
2286,Sarah Aria,
2287,Sarah Bank,
2288,Warm Largo,
2289,Warm Form,
2290,Harm Bow,
2291,Harm Form,
2292,Factory Chief Longbow L.,
2293,New FactoryChiefLongbow,
2294,Shrp FactoryChiefLongbow,
2295,"CarpntrFctoryLngbw""Rain""",
2296,"New FctoryLongbow ""Rain""",
2297,"Shrp FctoryLngbow ""Rain""",
2298,Allyl Striker,
2299,Strival Cannon,
2300,FC08・フラゴールバルカン,Fragor Vulcan
2301,Verbaldrit,
2302,Dry Auto Cannon,
2303,Air Auto Cannon,
2304,0009・クルムズクリムゾン,Kurumuzu Crimson
2305,Le Rouge Crimson,
2306,0209・ラウドナクリムゾン,Raudna Crimson
2307,Soulpterxy,
2308,Soul Asham,
2309,0509・タイヤンアッシャム,Taian Assam
2310,Deuce Sanque,
2311,Deuce Cebucis,
2312,Deuce Nufite,
2313,Brilliant Sun Star Shot,
2314,0A09・バスハープ・イゾア,Bas Harp Isoa
2315,0B09・バスハープ・アイーナ,Bass Harp Aina
2316,0C09・レブ・ベルタム,Rebu Berutamu
2317,0D09・シルターレブール,Shirutareburu
2318,0E09・トラヴァーレブール,Travareboul
2319,Melza High,
2320,1009・メロルザハイト,Merol Zahait
2321,1109・メロルハイエスタ,Merol Haiesta
2322,Barbaroi Hades,
2323,Barbaroi Leeden,
2324,Barbaroi Lamis,
2325,Barbaroi Orgas,
2326,Barbaroi Deramis,
2327,Barbaroi Belmund,
2328,Dummy,
2329,Dummy,
2330,1A09・ベネウルスバルトロン,Beneurus Bartolon
2331,Relic Matter,
2332,Relic Element,
2333,Unicom Tooth,
2334,Ichrome Whisper,
2335,Mega Death Launcher,
2336,Echidna Mortar,
2337,Lotus Dragoon,
2338,Lotus Tempest,
2339,Tomb Striker,
2340,Paranoia Striker,
2341,"Star Eagle Bow ""Aurora""",
2342,"Hoshikin Bow ""Aurora""",
2343,Dummy,
2344,Dummy,
2345,Dummy,
2346,Dummy,
2347,Dummy,
2348,Dummy,
2349,Dummy,
2350,Dummy,
2351,Dummy,
2352,Dummy,
2353,Dummy,
2354,Dummy,
2355,Dummy,
2356,Dummy,
2357,Dummy,
2358,Dummy,
2359,Dummy,
2360,Dummy,
2361,Dummy,
2362,Dummy,
2363,Dummy,
2364,Dummy,
2365,Dummy,
2366,Dummy,
2367,Dummy,
2368,Dummy,
2369,Dummy,
2370,Dummy,
2371,Dummy,
2372,Dummy,
2373,Dummy,
2374,Dummy,
2375,Dummy,
2376,Dummy,
2377,Dummy,
2378,Dummy,
2379,Dummy,
2380,Dummy,
2381,Dummy,
2382,Dummy,
2383,Dummy,
2384,Dummy,
2385,Dummy,
2386,Dummy,
2387,Dummy,
2388,Dummy,
2389,Dummy,
2390,Dummy,
2391,Dummy,
2392,Dummy,
2393,Dummy,
2394,Dummy,
2395,Dummy,
2396,Dummy,
2397,Dummy,
2398,Dummy,
2399,Dummy,
2400,Dummy,
2401,Dummy,
2402,Dummy,
2403,Dummy,
2404,Dummy,
2405,Dummy,
2406,Dummy,
2407,Dummy,
2408,Dummy,
2409,Dummy,
2410,Dummy,
2411,Dummy,
2412,Dummy,
2413,Dummy,
2414,Dummy,
2415,Dummy,
2416,Dummy,
2417,Dummy,
2418,Dummy,
2419,Dummy,
2420,Dummy,
2421,Dummy,
2422,Dummy,
2423,Dummy,
2424,Dummy,
2425,Dummy,
2426,Dummy,
2427,Dummy,
2428,Dummy,
2429,Dummy,
2430,Dummy,
2431,Dummy,
2432,Dummy,
2433,Dummy,
2434,Dummy,
2435,Dummy,
2436,Dummy,
2437,Dummy,
2438,Dummy,
2439,Dummy,
2440,Dummy,
2441,Dummy,
2442,Dummy,
2443,Dummy,
2444,Dummy,
2445,Dummy,
2446,Dummy,
2447,Dummy,
2448,Dummy,
2449,Dummy,
2450,Dummy,
2451,Dummy,
2452,Dummy,
2453,Dummy,
2454,Dummy,
2455,Dummy,
2456,Dummy,
2457,Dummy,
2458,Dummy,
2459,Dummy,
2460,Dummy,
2461,Dummy,
2462,Dummy,
2463,Dummy,
2464,Dummy,
2465,Dummy,
2466,Dummy,
2467,Dummy,
2468,Dummy,
2469,Dummy,
2470,Dummy,
2471,Dummy,
2472,Dummy,
2473,Dummy,
2474,Dummy,
2475,Dummy,
2476,Dummy,
2477,Dummy,
2478,Dummy,
2479,Dummy,
2480,Dummy,
2481,Dummy,
2482,Dummy,
2483,Barrow Carbine,
2484,Virus Carbine,
2485,Kind Carbine,
2486,Mercury Carbine,
2487,Dunellis Carbine,
2488,Rhodes Guardia,
2489,B909・モルアディガルディア,Moradi Guardia
2490,Polar Carbine,
2491,Farga Carbine,
2492,Neish Carbine,
2493,Paracarti Carbine,
2494,Genevi Carbine,
2495,Les Guardia,
2496,Gouache Guardia,
2497,Pasrigo Papilo,
2498,Pasrigo Slopia,
2499,Pissure Apis,
2500,Pissure Hipiz,
2501,Volcano Stock,
2502,Eruption Stock,
2503,Downpour Stock,
2504,C809・イノンダシオストック,Inondashio Stock
2505,Impure Mortar,
2506,CA09・プティオモルタル,Putio Mortar
2507,Impure Carbine,
2508,CC09・プティオカルバリン,Putio Carbalin
2509,El Tirador,
2510,Le Majest,
2511,Le Glorioso,
2512,El Cazador,
2513,El Salvador,
2514,D209・オーレ・オノーレル,Aure Onorel
2515,Link Willia,
2516,Link Mihaie,
2517,D509・ラダ・イェラキ,Rada Yeraki
2518,D609・ラダ・アトウェス,Lada Atwes
2519,D709・ノデル・フュジ,Nodel Fyuji
2520,D809・ノデル・ゲベル,Nodel Geber
2521,Dummy,
2522,DA09・ノデル・エンフィ,Nodel Enfi
2523,DB09・ノデル・スナイドル,Nodel Snaidol
2524,DC09・ルエニー・スペンサ,Lueney Spencer
2525,DD09・ルエニー・エクレル,Luenie Ecler
2526,DE09・クラン・フュジ,Clan Fuji
2527,DF09・クラン・ゲベル,Clan Gevel
2528,Dummy,
2529,E109・クラン・エンフィ,Clan Enfi
2530,E209・クラン・スナイドル,Kran Snaidol
2531,E309・クリスチア・スペンサ,Christia Spencer
2532,E409・クリスチア・エクレル,Christia Eclere
2533,Machina Bow I,
2534,Machina Bow Ⅱ,
2535,Machina Bow Ⅲ,
2536,Machina Bow Ⅳ,
2537,Comb Machina Bow,
2538,Palea Machina Bow,
2539,Shan Luminare,
2540,Shan Porth,
2541,Shan Dour,
2542,Shan Glitter,
2543,Shan Glitzer,
2544,Shan Humble,
2545,Shan Missile,
2546,White Cat Barrel Mk1,
2547,White Cat Barrel Mk2,
2548,White Cat Barrel Mk3,
2549,Black Cat Barrel Mk1,
2550,Black Cat Barrel Mk2,
2551,Black Cat Barrel Mk3,
2552,Red Cat Tar Cannon,
2553,Red Cat Heavy Tar Cannon,
2554,Red Cat Huge Tar Cannon,
2555,Red Cat Great Tar Cannon,
2556,Red Cat Grand Tar Cannon,
2557,Evil Cat Tar Cannon,
2558,EvilCat Heavy Tar Cannon,
2559,Evil Cat Huge Tar Cannon,
2560,EvilCat Great Tar Cannon,
2561,EvilCat Grand Tar Cannon,
2562,Golden Cat Cannon,
2563,Golden Cat Caster,
2564,Golden Cat Launcher,
2565,Golden Cat Buster,
2566,Golden Cat Champion,
2567,Silver Cat Nyannon,
2568,Silver Cat Nyaster,
2569,Silver Cat Nyauncher,
2570,Silver Cat Nyaster,
2571,Furoru Flamme,
2572,Furoru Premia,
2573,Furoru Tanz,
2574,Furoru Tira,
2575,0F0A・フロルダティフィス,Florda Tifis
2576,Pearl Furoru Arch,
2577,Crimson Destiny Shoulder,
2578,120A・銀火竜重砲【冥王】,Silver Rathalos: Hades
2579,130A・ルレードフシール,Luredo Fusil
2580,140A・ルレードオルファー,Lureido Olfar
2581,150A・シャロンバーメット,Sharon Barmet
2582,160A・シャロンフランピア,Sharon Flampia
2583,170A・ルヴァンガンブラー,Luvan Gambler
2584,180A・ルレードファイア,Lureed Fire
2585,190A・ルレードガロード,Lureed Garoad
2586,1A0A・シャロンバワード,Sharon Baword
2587,1B0A・シャロンベルガル,Sharon Belgard
2588,1C0A・ルヴァンブラッサー,Levan Brasser
2589,1D0A・ルレードワゾー,Luled Wazo
2590,1E0A・ルレードモワーノ,Luredo Mowarno
2591,1F0A・シャロンイロンデル,Shalon Irondel
2592,200A・シャロンフォコン,Sharon Focon
2593,210A・ルヴァンエグディラ,Ruvan Egdira
2594,Dio Nimbus,
2595,Dio Groza,
2596,Dio Gewitter,
2597,Dio Tormenta,
2598,Dio Flumine,
2599,Dio Atizmo,
2600,Dio Calamity,
2601,Dio Brachial,
2602,Dio Absolute,
2603,Dio Annihilate,
2604,"Alpha Canis ""Avalanche""",
2605,"Royal Wolf Gun""Kamikaze""",
2606,"Royal Wolf Hbg ""Icicle""",
2607,"Royal Wolf Bow ""Orchid""",
2608,Jebia Flare,
2609,310A・ジェビアフェテース,Jebia Fetace
2610,Silver Heaven King Gun,
2611,Crimson Ruiner Recurve,
2612,Fierce Pierce Bowgun,
2613,Rote Aura,
2614,Partner Bowgun,
2615,Partner Trigger,
2616,Rotfresser,
2617,Partner Cannon,
2618,Partner Launcher,
2619,Rote Reise,
2620,Partner Bow,
2621,Partner Rook,
2622,Steel Puffer Ⅵ,
2623,Steel Puffer Ⅶ,
2624,Steel Puffer Ⅷ,
2625,R.O.S.Ⅰ,
2626,R.O.S.Ⅱ,
2627,R.O.S.Ⅲ,
2628,R.O.S.Ⅳ,
2629,R.O.S.Ⅴ,
2630,R.O.S.Ⅵ,
2631,Starlight mkⅢ・Ⅰ,Starlight mkIII I
2632,Starlight mkⅢ・Ⅱ,Starlight mkIII II
2633,Starlight mkⅢ・Ⅲ,Starlight mkIII III
2634,Starlight mkⅢ・Ⅳ,Starlight mkIII IV
2635,Starlight mkⅢ・Ⅴ,Starlight mkIII V
2636,Starlight mkⅢ・Ⅵ,Starlight mkIII VI
2637,Dummy,
2638,Dummy,
2639,Dummy,
2640,Dummy,
2641,Dummy,
2642,Dummy,
2643,Dummy,
2644,Dummy,
2645,Dummy,
2646,Dummy,
2647,Dummy,
2648,Dummy,
2649,Dummy,
2650,5A0A・シュメルナッソ,Shumerunasso
2651,5B0A・シュメーリオ,Shumerio
2652,5C0A・シュメドルフィア,Shumedolphia
2653,5D0A・シュメラフィウム,Shumeraphium
2654,5E0A・ペタルデレーヴ,Petal Dereve
2655,GLS-0075,
2656,GLS-0422,
2657,GLS-7601,
2658,GLS-7600β,
2659,GLS-9800Σ,
2660,Furoru Pistol,
2661,Furoru Prayer,
2662,Furoru Bayonet,
2663,Furoru Pistria,
2664,Furoru Revolver,
2665,Fennel Furoru Revolver,
2666,Furoru Ametra,
2667,Furoru Mitry,
2668,Furoru Torice,
2669,Furoru Siege,
2670,Furoru Shitio,
2671,Orchid Fururo Rifle,
2672,Fusir Eigler,
2673,Love Parasol,
2674,Furon Brute,
2675,Brave Horn,
2676,Golddust Storm Hbg,
2677,Golddust Thunder Hbg,
2678,Golddust Tornado Hbg,
2679,Golddust Thunderroar Hbg,
2680,Golddust Tempest Hbg,
2681,Dummy,
2682,Dummy,
2683,Dummy,
2684,Dummy,
2685,Dummy,
2686,7E0A・ネグルドカウス,Neglud Kaus
2687,7F0A・ネグルドハース,Negruld Haas
2688,800A・ネグルドヴェロス,Negruld Velos
2689,810A・ネグルドサギッタ,Negrud Sagitta
2690,820A・ネグルドルークソン,Negrud Luksong
2691,830A・雅翁弓【姫淡】,Grace Elder: Pale Princess
2692,Nobelf Seal,
2693,Nobelf Olfer,
2694,860A・ゲイオンバーメット,Gaion Barmet
2695,870A・ゲイオンフランピア,Gaion Frampia
2696,880A・プレザンガンブラー,Pleasant Gambler
2697,Noble Fire,
2698,8A0A・ノーベルガロード,Nobel Garoad
2699,8B0A・ゲイオンバワード,Geion Baword
2700,8C0A・ゲイオンベルガル,Geionbelgar
2701,8D0A・プレザンブラッサー,Pleasant Brasser
2702,8E0A・ノーベルワゾー,Nobel Wazo
2703,8F0A・ノーベルモワーノ,Nobel Moano
2704,900A・ゲイオンイロンデル,Geion Irondele
2705,910A・ゲイオンフォコン,Geionfokon
2706,920A・プレザンエグディラ,Prezan Egudira
2707,Bubble Shade,
2708,"Bubble Shade ""Love""",
2709,"Bubble Shade ""Heartless""",
2710,"Bubble Shade ""Crying""",
2711,"Bubble Shade ""Sorrow""",
2712,"Bubble Shade ""Offset""",
2713,"Bubble Shade ""Date""",
2714,Red Rain,
2715,"Red Rain ""Lively""",
2716,"Red Rain ""Caper""",
2717,"Red Rain ""Soft""",
2718,"Red Rain ""Sneak""",
2719,"Red Rain ""Blinding""",
2720,"Red Rain ""Clear Moon""",
2721,Prima Shooter・Fire,Prima Shooter Fire
2722,Hydro Arc・Fire,Hydro Arc Fire
2723,Dummy,
2724,Suzaku Fire Bow,
2725,Crescent Fire Bow,
2726,Principal Purity・Fire,Principal Purity Fire
2727,Principal Purity Ⅱ Fire,
2728,Prima Shooter・Darkness,Prima Shooter Darkness
2729,Hydro Arc・Darkness,Hydro Arc Darkness
2730,Dummy,
2731,Dark Suzaku Bow,
2732,Crescent Darkness Bow,
2733,Principal Purity・Dark,Principal Purity Dark
2734,Principal Purity Ⅱ Dark,
2735,Wolf Ⅰ,
2736,Wolf Ⅱ,
2737,Wolf Ⅲ,
2738,Wolf Ⅳ,
2739,Wolfsmagen,
2740,Rotkaeppchen,
2741,Technik Bow Ⅰ,
2742,Technik Bow Ⅱ,
2743,Technik Bow Ⅲ,
2744,Technik Bow Ⅳ,
2745,Kombo Technik Bow,
2746,Parier Technik Bow,
2747,BB0A・プテリュクス,Pteryx
2748,BC0A・プテリュクス・クポス,Pteryx Kupos
2749,BD0A・プテリュクス・カロス,Pteryx Kalos
2750,BE0A・プテリュクス・エウカ,Pteryx Euca
2751,BF0A・プテリュクス・サギニ,Pteryx Sagini
2752,C00A・プテリュクス・アステ,Pteryx Aste
2753,Asha,
2754,C20A・マーシャプラン,Masha Plan
2755,C30A・マーシャエテ,Marshae Te
2756,C40A・マーシャトンヌ,Marshatonne
2757,C50A・マーシャイヴェ,Marshaive
2758,C60A・マーシャジュ,Marshaju
2759,C70A・マーシャニール,Marsha Neil
2760,C80A・フォスター,Foster
2761,C90A・フォスタープラン,Foster Plan
2762,CA0A・フォスターエテ,Foster Ete
2763,CB0A・フォスタートンヌ,Fostatornne
2764,CC0A・フォスターイヴェ,Foster Ive
2765,CD0A・フォスタージュ,Fosterge
2766,CE0A・フォスターニール,Foster Neil
2767,Shadowpierce Odi Cannon,
2768,Nebula Artilery,
2769,D10A・エピヌ・アルク,Epine Arc
2770,D20A・スピーナ・アルク,Spina Arc
2771,Pile Auro,
2772,Ein Argento,
2773,Typeless Heavy Bowgun,
2774,Lunar Eclipse,
2775,Caravan Flash Gun,
2776,Caravan Flash Gun Ⅱ,
2777,Caravan Flash Gun Ⅲ,
2778,Dummy,
2779,Caravan Roar Gun Ⅱ,
2780,Caravan Roar Gun Ⅲ,
2781,Caravan Sun Bow,
2782,Caravan Sun Bow Ⅱ,
2783,Caravan Sun Bow Ⅲ,
2784,Black Cat Barrel Mk4,
2785,Black Cat Barrel Mk5,
2786,Black Cat Barrel Mk6,
2787,Albur Bow,
2788,Albun Bow,
2789,Alulu Bow,
2790,E60A・セリスィ・ベック,Selisy Beck
2791,E70A・セリスィ・ロアー,Celesi Roar
2792,E80A・セリスィ・コール,Celis Call
2793,Abyssal Felyne,
2794,EA0A・覇導砲・裏刃素,Supreme Cannon Veiled Edge
2795,Rapid Dragon Head,
2796,VLS-9700β,
2797,Silverwaffe,
2798,EE0A・アルジャンルー,Argent Lu
2799,Diablos Artillery,
2800,F00A・相互スチマ式放雷弓,Stima Mutual Thunderthrow
2801,F10A・コンレガアルクス,Conlega Alkus
2802,Dummy,
2803,Dummy,
2804,Dummy,
2805,Dummy,
2806,Dummy,
2807,Dummy,
2808,Dummy,
2809,Dummy,
2810,Dazzling Crystal Hbg,
2811,Flashing Crystal Hbg,
2812,FC0A・創音弓【仙楽】,Souon Bow [Senraku]
2813,FD0A・バレナロヴェ,Barena Rove
2814,FE0A・バレナランポ,Barenarampo
2815,FF0A・バレナバレーノ,Barena Bareno
2816,000B・バレナローチェ,Barena Rocha
2817,010B・バレナテンペ,Balena Tempe
2818,"Heart Valkyrie ""Chief""",
2819,Heart Stealer Bow,
2820,Spartacus Soul Neo,
2821,050B・ラグリッター,Lagritter
2822,060B・ラグリッター・ブトス,Ragritter Butos
2823,070B・ラグリッター・プロス,Ragritter Pros
2824,080B・ラグリッター・リプス,Ragritter Rips
2825,090B・ラグリッター・ダスク,Raglitter Dusk
2826,0A0B・ラグリッター・ソラシ,Raglitter Sorashi
2827,0B0B・ラグリッター・ケイオ,Raglitter Keio
2828,0C0B・ザウリッター,Zauritta
2829,0D0B・ザウリッター・ブトス,Zauritta Butosu
2830,0E0B・ザウリッター・プロス,Zauritter Pros
2831,0F0B・ザウリッター・リプス,Zauritter Rips
2832,100B・ザウリッター・ダスク,Zauritter Dusk
2833,110B・ザウリッター・ソラシ,Zauritter Sorashi
2834,120B・ザウリッター・ケイオ,Zauritter Chaos
2835,Lobo Ⅰ,
2836,Lobo Ⅱ,
2837,Lobo Ⅲ,
2838,Lobo Ⅳ,
2839,Evil Lobo,
2840,Dangerous Lobo,
2841,190B・ケット,Kett
2842,1A0B・ケット・リベルテ,Ket Liberte
2843,1B0B・ケット・オダシュー,Ket Odashu
2844,1C0B・ケット・コネサンス,Ket Connaissance
2845,1D0B・ケット・シャンス,Ket Chance
2846,1E0B・ケット・クロワサンス,Kett Croissance
2847,1F0B・ケット・デクヴェルト,Kett Decvert
2848,200B・ポーイスク,Poisk
2849,210B・ポーイスク・ロースト,Poisk Roast
2850,220B・ポーイスク・ジャジダ,Poisk Jajida
2851,230B・ポーイスク・パミャチ,Poisk Pamyati
2852,240B・ポーイスク・チェスチ,Poisk Chesti
2853,250B・ポーイスク・スラヴァ,Poisk Slava
2854,260B・ポーイスク・ウーズィ,Poisk Woozy
2855,Flower Feast Bow,
2856,280B・花宴弓【寒椿】,Feast Bow: Cold Camellia
2857,290B・花宴弓【唐綿】,Feast Bow: Bloodflower
2858,2A0B・花宴弓【山丹花】,Feast Bow: Ixora
2859,2B0B・花宴弓【花麒麟】,Feast Bow: Crown of Thorns
2860,2C0B・花宴弓【桜蓼】,Feast Bow: Cherry Knotweed
2861,2D0B・藤袴弓,Eupatorium Bow
2862,2E0B・藤袴弓【寒椿】,Eupatorium: Cold Camellia
2863,2F0B・藤袴弓【唐綿】,Eupatorium: Bloodflower
2864,300B・藤袴弓【山丹花】,Eupatorium: Ixora
2865,310B・藤袴弓【花麒麟】,Eupatorium: Thorn Crown
2866,320B・藤袴弓【桜蓼】,Eupatorium Cherry Knotweed
2867,Fatal Magia,
2868,Fatal Assaut,
2869,Fatal Briscola,
2870,Fatal Miracle,
2871,Fatal Oracle,
2872,380B・ファータ・ネメジ,Fata Nemesis
2873,Fleur,
2874,Fleur Minion,
2875,3B0B・フルーリール,Fleurir
2876,Fleur Eclat,
2877,Fleur Gloire,
2878,Fleur Amour,
2879,3F0B・オレズバールⅠ,Orezbal I
2880,400B・オレズバールⅡ,Orezbal II
2881,Dummy,
2882,420B・オレズバールⅢ,Orezbal III
2883,430B・オレズバールⅣ,Orezbal IV
2884,440B・アリシ・ペザード,Alishi Pezard
2885,450B・アリシ・ヴェアラル,Alishi Vearal
2886,Steel Raven Ⅶ,
2887,Steel Raven Ⅷ,
2888,480B・オーロワスコール,Orowa Squall
2889,490B・オーロワペフティス,Orowa Peftis
2890,4A0B・ゴルトグローネ,Gold Glowne
2891,4B0B・ゴルトニーゼン,Gold Niezen
2892,4C0B・ラダールスコール,Radal Squall
2893,4D0B・オーロワシュナット,Orowa Schnat
2894,4E0B・オーロワリャトーナ,Orowa Lyatona
2895,4F0B・ゴルトブルーメ,Goldblume
2896,500B・ゴルトトラオム,Goldtraum
2897,510B・ラダールシュナット,Ladar Schnatt
2898,520B・オーロワストリエ,Orowa Strie
2899,530B・オーロワスローク,Orowa Throk
2900,Goldstern,
2901,Goldtraene,
2902,560B・ラダールストリエ,Radal Strie
2903,570B・レガーロアモ,Regalo Amo
2904,580B・レガーロアモ・コミ,Regalo Amo Comi
2905,590B・レガーロアモ・プリ,Legaroamo Pri
2906,5A0B・レガーロアモ・エテ,Legaroamo Ete
2907,5B0B・レガーロアモ・シエ,Regalo Amo Sie
2908,Mentiarrow,
2909,Mentigun,
2910,Menticannon,
2911,Dummy,
2912,Dummy,
2913,Torrent Shooter,
2914,Kushala's Storm,
2915,Celebrity,
2916,War Heart,
2917,Metal Avenger,
2918,660B・ノヴァエラ,Novaera
2919,670B・シェオル,Sheol
2920,Steel Raven Ⅸ,
2921,Dummy,
2922,6A0B・炎角重砲【葦牙】,Flamehorn HBG: Reed Sprout
2923,6B0B・炎角重砲【瑞枝】,Flamehorn HBG: Lucky Bough
2924,6C0B・炎角重砲【青糸】,Flamehorn HBG: Blue Thread
2925,6D0B・炎角重砲【蘖】,Flamehorn HBG: Sprout
2926,6E0B・炎角重砲【花筏】,Flamehorn HBG: Flower Raft
2927,6F0B・炎角弓【赤秀】,Flamehorn Bow: Red Glory
2928,700B・炎角弓【枸杞】,Flamehorn Bow: Wolfberry
2929,710B・炎角弓【山茱萸】,Flamehorn Bow: Cornus
2930,720B・炎角弓【花水木】,Flamehorn Bow: Dogwood
2931,730B・炎角弓【爆蘭】,Flamehorn: Blast Orchid
2932,Milu Jaro,
2933,Teostra's Fury,
2934,Daora's Purgatory,
2935,770B・ヴィレストリエ,Virestrie
2936,780B・ヴィレスローク,Vire Sloke
2937,790B・ルストシュテル,Rust Sterl
2938,7A0B・ルストトレーネ,Rust Trene
2939,7B0B・ヘルトストリエ,Held Strie
2940,7C0B・鎧兜弓,Armor Helm Bow
2941,7D0B・鎧兜弓【菖蒲】,Armor Helm Bow [Iris]
2942,7E0B・鎧兜弓【皐月】,Armor Helm Bow [May]
2943,7F0B・鎧兜弓【柏】,Armor Helm Bow [Oak]
2944,800B・鎧兜弓【尚武】,Armor Helm Bow [Martial]
2945,"Burstwolf Cannon""Takeru""",
2946,Watervale Fortress Bow,
2947,Waterfall Fortress Bow,
2948,Fountain Fortress Bow,
2949,Cascade Fortress Bow,
2950,Torrent Fortress Bow,
2951,Abyssal Fortress Bow,
2952,880B・バル・フェリータ,Bal Felita
2953,890B・バル・キクノス,Bal Kikunos
2954,8A0B・バル・ハウフ,Bal Hauf
2955,Dododonga Badr,
2956,Blue Dream Bow,
2957,8D0B・ヴィンチトーレ,Vinci Torre
2958,8E0B・ヴィンチ・フォーコ,Vinci Forco
2959,8F0B・ヴィンチ・フィアン,Vinci Fian
2960,900B・ヴィンチ・ヴルカノ,Vinci Vulcano
2961,910B・ヴィンチ・ツィオネ,Vinci Tsione
2962,920B・カタクテスィ,Katakutesi
2963,930B・アエテルタニス,Aetertanis
2964,Victor,
2965,Victor Fuocu,
2966,960B・ウィクトル・フィアン,Victor Fian
2967,Victor Vulcano,
2968,Victot Zione,
2969,Conquet,
2970,Inzino,
2971,9B0B・ヴィリロス,Virilos
2972,9C0B・ヴィリロス・ブリリオ,Virilos Brilio
2973,9D0B・ヴィリロス・リント,Virilos Lint
2974,9E0B・ヴィリロス・ランツ,Virilos Lanz
2975,9F0B・トゥパース,Tupath
2976,A00B・ザフィーア,Zafira
2977,Oniche,
2978,A20B・オニチェ・ブリリオ,Oniche Brilio
2979,A30B・オニチェ・リント,Oniche Lint
2980,A40B・オニチェ・ランツ,Oniche Lance
2981,Manaitio,
2982,Spirune,
2983,Dummy,
2984,Dummy,
2985,Dummy,
2986,Dummy,
2987,Dummy,
2988,Solemn Law,
2989,Dummy,
2990,Dummy,
2991,Dummy,
2992,Dummy,
2993,Dummy,
2994,B20B・ロウ・メイルダ,Loh Mailda
2995,Dummy,
2996,Dummy,
2997,Dummy,
2998,Dummy,
2999,Dummy,
3000,B80B・ロウ・ジュスト,Roh Just
3001,Dummy,
3002,Dummy,
3003,Evil Eyes,
3004,Dominus Ⅰ,
3005,Dominus ⅠⅠ,
3006,Dominus Ⅲ,
3007,Sanctus Dominus,
3008,Shen Dominus,
3009,Koenig Ⅰ,
3010,Koenig Ⅱ,
3011,Koenig Ⅲ,
3012,Weisskoenig,
3013,Steinkoenig,
3014,Koenigin Ⅰ,
3015,Koenigin Ⅱ,
3016,Koenigin Ⅲ,
3017,Schwarzkoenigin,
3018,Nachtkoenigin,
3019,Lineage Ⅰ,
3020,Lineage Ⅱ,
3021,Lineage Ⅲ,
3022,High Lineage,
3023,Ancient Lineage,
3024,Regina Ⅰ,
3025,Regina Ⅱ,
3026,Regina Ⅲ,
3027,Adel Regina,
3028,Earl Regina,
3029,Prince Ⅰ,
3030,Prince Ⅱ,
3031,Prince Ⅲ,
3032,Pius Prince,
3033,Amber Prince,
3034,Sovereign Ⅰ,
3035,Sovereign Ⅱ,
3036,Sovereign Ⅲ,
3037,Royal Souvereign,
3038,Imperium,
3039,Regalia Ⅰ,
3040,Regalia Ⅱ,
3041,Regalia Ⅲ,
3042,Dinar Regalia,
3043,Hiroz Regalia,
3044,Noblesse Ⅰ,
3045,Noblesse Ⅱ,
3046,Noblesse Ⅲ,
3047,Nobless Rose,
3048,Noblesse Oblige,
3049,E90B・レーサルリング,Rasal Ring
3050,EA0B・フラールリング,Flare Ring
3051,EB0B・エーテルリング,Ether Ring
3052,EC0B・セグターリング,Sector Ring
3053,ED0B・フリューゲルリング,Flugel Ring
3054,Heavens Bridge,
3055,Moonlight Heavens Bridge,
3056,Devotion Heavens Bridge,
3057,Soothing Heavens Bridge,
3058,Eternal Heavens Bridge,
3059,F30B・ウルキースリング,Ulki Sling
3060,F40B・ウルキーシューター,Ulky Shooter
3061,F50B・ウルキーブルーム,Ulky Bloom
3062,F60B・ウルキーブーケ,Ulky Bouquet
3063,F70B・スナイプウルキー,Snipe Ulky
3064,F80B・ホート・アークス,Hort Arks
3065,F90B・ルベール・アークス,Ruber Arks
3066,FA0B・アークスロアー,Arc Thrower
3067,FB0B・アークスルード,Arc Slude
3068,FC0B・シェーンエスカル,Schein Escal
3069,FD0B・バルザガディエス,Barzagadies
3070,FE0B・バルザガティシー,Barzagatishy
3071,FF0B・リートスマスケ,Rietmaske
3072,000C・リートスケッテ,Leet Skette
3073,010C・ツーファルディエス,Tufaldies
3074,020C・バルザガクレアティ,Barzaga Cleati
3075,030C・バルザガティビダー,Balzaga Tibider
3076,040C・リートスゲッツェ,Ritos Getze
3077,050C・リートスヴァイゼ,Ritos Weise
3078,060C・ツーファルクレアティ,Twofalcreati
3079,070C・バルザガヴィミラ,Balzagavimira
3080,080C・バルザガミラニエ,Barzagamiranie
3081,090C・リートスザオバー,Ritos Zaober
3082,0A0C・リートスグーテ,Ritos Gute
3083,0B0C・ツーファルヴィミラ,Two Falvimira
3084,0C0C・パタリャバールⅠ,Pataryabaru I
3085,0D0C・パタリャバールⅡ,Pataryabaru II
3086,0E0C・パタリャバールⅢ,Pataryabar III
3087,0F0C・パタリャバールⅣ,Patarya Vaal IV
3088,100C・バリエ・ペザード,Barie Pezard
3089,110C・バリエ・ヴェアラル,Barie Vearal
3090,Iste Coletti,
3091,130C・イリク・エレッティ,Irik Eletti
3092,Varian Tempest,
3093,Essensce Schwalbe,
3094,Akantor Mutilator,
3095,170C・眩晶弓クリニョタン,Bright Crystal Kurinyotan
3096,180C・吹吹茶釜,Puff-Puff Teakettle
3097,190C・吹吹チャガンマン,Puff-Puff Gunman
3098,Black Horn Ifurio,
3099,1B0C・怒貌弓【変化】,Wrath Visage Bow [Change]
3100,1C0C・怒貌獄弓【変貌】,Hell Rageface: Metamorph
3101,1D0C・怒貌獄弓【一変】,Hell Rageface: Total Shift
3102,1E0C・怒貌獄弓【二面】,Hell Rageface: Two Faces
3103,1F0C・怒貌烈弓【本性】,Fierce Rageface: Nature
3104,200C・怒貌始弓【真性】,Origin Rageface: True Form
3105,210C・極怒貌弓ジーラ,Extreme Rageface Jira
3106,White Ones Shout,
3107,230C・ヴィレスコール,Vileskoll
3108,240C・ヴィレペフティス,Virepeftis
3109,250C・ルストグローネ,Lust Glorne
3110,260C・ルストニーゼン,Lust Niesen
3111,270C・ヘルトスコール,Helt Squall
3112,280C・ヴィレシュナット,Vire Shunat
3113,290C・ヴィレリャトーナ,Vire Lyatona
3114,2A0C・ルストブルーメ,Rustblume
3115,2B0C・ルストトラオム,Rust Traum
3116,2C0C・ヘルトシュナット,Helt Schnat
3117,2D0C・エフディスト,Efdist
3118,2E0C・エフトロール,Eftroll
3119,2F0C・エフエスト,Efesto
3120,300C・エフミーラ,Efmira
3121,310C・エフドミノ,Efdomino
3122,320C・ユーバー,Uber
3123,330C・ユファル,Yufal
3124,340C・スルディスト,Sludist
3125,350C・スルトロール,Surtr Roll
3126,360C・スルエスト,Suruest
3127,370C・スルミーラ,Surumira
3128,380C・スルドミノ,Surudomino
3129,390C・プラル,Pral
3130,3A0C・ラルーフィ,Ralufi
3131,Frozen Embers Bow One,
3132,Frozen Embers Bow Two,
3133,Frozen Embers Bow Three,
3134,Frozen Embers Bow Four,
3135,Frozen Embers Bow Five,
3136,Frozen Embers Bow Six,
3137,Frozen Embers Bow Neo,
3138,Burning Frost Bow One,
3139,Burning Frost Bow Two,
3140,Burning Frost Bow Three,
3141,Burning Frost Bow Four,
3142,Burning Frost Bow Five,
3143,Burning Frost Bow Six,
3144,Burning Frost Bow Neo,
3145,Positron Rifle Ⅰ,
3146,Positron Rifle Ⅱ,
3147,Positron Rifle Ⅲ,
3148,Positron Rifle Ⅳ,
3149,Positron Rifle Ⅴ,
3150,Positron Rifle Ⅵ,
3151,Runein Sectia,
3152,Irisen Sectia,
3153,Immortal Pain,
3154,Demon's Fury,
3155,Frostmist Gun+,
3156,Burstwolf Bow+,
3157,550C・シュトルムシュナット,Sturm Schnatt
3158,Storm Strier,
3159,570C・王弩ライカン,Lycan King
3160,580C・真・王牙弩【天鼓】,True Kingfang: Sky Drum
3161,Ogun Ride,
3162,5A0C・真・王牙砲【天機】,True Kingfang: Providence
3163,5B0C・王弓エンライ,King Bow Distant Thunder
3164,5C0C・王牙弓【稚雷】,Kingfang: Young Thunder
3165,5D0C・真・王牙弓【天命】,True Kingfang: Destiny
3166,Arca Raptora,
3167,Amnis,
3168,Fluctus,
3169,Floating Meadows Bow,
3170,Floating Plains Bow,
3171,Floating Hills Bow,
3172,Floating Highlands Bow,
3173,Floating Mount Bow,
3174,Floating Mountain Bow,
3175,True Floating Rage Gun,
3176,True Floating Vigor Gun,
3177,Nebula Cannon,
3178,Disscharge Odi Cannon,
3179,6B0C・ネグルドスパーチ,Negurd Sparch
3180,"Angryhair Bow ""Bloom""",
3181,"Angryhair Bow""Flowering""",
3182,6E0C・バレナジャンナ,Barenajanna
3183,Scowl Thunderpole Gun,
3184,Evil Machine,
3185,"Diregun ""Dementia""",
3186,Dios Blast,
3187,Lightbreak Ballista,
3188,Dios Cannon,
3189,Lightbreak Cannon,
3190,Dios Arrow,
3191,Exploding Arrow,
3192,Lightbreak Arrow,
3193,Shira Arccoil+,
3194,Kaktus Rose,
3195,Rosen Gerissen,
3196,7C0C・ホワイトムームー,White Muumuu
3197,Tabula Blizzara,
3198,Dummy,
3199,Diamond Crest,
3200,Ice Crest,
3201,Edelweiss,
3202,Amber Arc Valanga,
3203,Hyuji Needle+,
3204,840C・改銀火竜重砲【冥帝】,Silver Rath+: Netherlord
3205,Heart Hit Ⅰ,
3206,Heart Hit Ⅱ,
3207,Heart Hit Ⅲ,
3208,Heart Hit Ⅳ,
3209,890C・ハティエルン,Hathieln
3210,8A0C・ハティエルクイーン,Hathiel Queen
3211,Bloom Star,
3212,Meteor,
3213,Lycophos No,
3214,Lycophos Doh,
3215,Lycophos To,
3216,Lycophos Ku,
3217,Lycophos Shi,
3218,Lycophos Twin,
3219,Lycophos Garashia,
3220,Giorno No,
3221,Giorno Doh,
3222,Giorno To,
3223,Giorno Ku,
3224,Giorno Shi,
3225,Giorno Twin,
3226,Giorno Garashia,
3227,Electromagnetic Bowgun Ⅰ,
3228,Electromagnetic Bowgun Ⅱ,
3229,Electromagnetic Bowgun Ⅲ,
3230,Electromagnetic Bowgun Ⅳ,
3231,Electromagnetic Bowgun Ⅴ,
3232,Electromagnetic Bowgun Ⅵ,
3233,A10C・パローネ重砲Ⅰ,Parone Heavy Cannon I
3234,A20C・パローネ重砲Ⅱ,Parone Heavy Cannon II
3235,A30C・パローネ重砲Ⅲ,Parone Heavy Cannon III
3236,A40C・パローネ轟砲,Parone Roaring Cannon
3237,A50C・パローネガンⅠ,Parone Gun I
3238,A60C・パローネガンⅡ,Parone Gun II
3239,A70C・パローネガンⅢ,Parone Gun III
3240,A80C・パローネ閃銃,Parone Flash Gun
3241,A90C・パローネボウⅠ,Parone Bow I
3242,AA0C・パローネボウⅡ,Parone Bow II
3243,AB0C・パローネボウⅢ,Parone Bow III
3244,AC0C・パローネ燦弓,Parone Brilliant Bow
3245,AD0C・クリーマディエス,Creema Dies
3246,AE0C・クリーマクレアティ,Crema Creati
3247,AF0C・クリーマヴィミラ,Klima Vimira
3248,Magi Solenne,
3249,Magi Meiruda,
3250,Magi Justo,
3251,"Shesha Launcher ""Flash""",
3252,"Shesha Launcher ""Shine""",
3253,"Shesha Launcher ""Glory""",
3254,"Shesha Launcher ""Clear""",
3255,"Shesha Cannon ""Flash""",
3256,"Shesha Cannon ""Shine""",
3257,"Shesha Cannon ""Glory""",
3258,"Shesha Cannon ""Clear""",
3259,"Shesha Bow ""Flash""",
3260,"Shesha Bow ""Shine""",
3261,"Shesha Bow ""Glory""",
3262,"Shesha Bow ""Clear""",
3263,Waltz Savage Iceshot,
3264,Waltz Berserk Iceshot,
3265,Waltz Savage Boltshot,
3266,Waltz Berserk Boltshot,
3267,Enki Savage Frostbow,
3268,Enki Berserk Frostbow,
3269,Enki Savage Stormbow,
3270,Enki Berserk Stormbow,
3271,Scorpio Savage Aquabow,
3272,Scorpio Berserk Aquabow,
3273,Scorpio Savage Flamebow,
3274,Scorpio Berserk Flamebow,
3275,Dummy,
3276,Dummy,
3277,Dummy,
3278,Warbler Darkbolt Bow,
3279,Cutie I,
3280,Cutie II,
3281,Cutie III,
3282,Cutie IV,
3283,Affection,
3284,Cutie Queen,
3285,D50C・トドル・デザト,Todor Dezato
3286,D60C・トドル・ヴュスト,Todor Vust
3287,D70C・トドル・シャモ,Todor Shamo
3288,D80C・トドル・エーデ,Todor Ede
3289,D90C・トドル・レフィナ,Todor Refina
3290,DA0C・トドル・エスプレン,Todor Espern
3291,Minest Desert,
3292,Minest Wueste,
3293,DD0C・ミネスト・シャモ,Minest Shamo
3294,Minest Erde,
3295,DF0C・ミネスト・レフィナ,Minest Refina
3296,E00C・ミネスト・エスプレン,Minest Esplen
3297,Cherry Blossom Bow,
3298,Shaking Cherry Blossoms,
3299,Dancing Cherry Blossoms,
3300,Falling Cherry Blossoms,
3301,Shining Cherry Blossoms,
3302,Snowcrown Monarch Gun,
3303,Frostcrystal Monarch Gun,
3304,Hoarfrost Monarch Gun,
3305,Blizzard Monarch Gun,
3306,Avalanche Monarch Gun,
3307,Snowstorm Monarch Gun,
3308,Core Divider,
3309,Core Glaze,
3310,EE0C・コーレリィン,Korelin
3311,Daora's General,
3312,Blue Kut-Ku Cannon+,
3313,Desert Afumar,
3314,Vulcannon,
3315,Dummy,
3316,Vulmagnum,
3317,F50C・改トラグ・コール,Modified Trag Call
3318,Daora's Almatol,
3319,Brazencord,
3320,Gigacles,
3321,Gigantomachy,
3322,FA0C・猛炎ヲ迎エ撃ツ重弩,Fierce Flame-Repelling HBG
3323,FB0C・屈強ナ鋼ヲ粉砕ス軽弩,Stout Steel-Crushing LBG
3324,FC0C・幻影ノ霞払イシ弓,Phantom Mist-Clearing Bow
3325,Pure Solemn,
3326,FE0C・ピュレ・メイルダ,Pure Meirda
3327,Pure Just,
3328,Machino,
3329,Machino Neo,
3330,Machino Neu,
3331,Machino Novo,
3332,Machino Nuevo,
3333,Machino Real,
3334,Neo Machino Real,
3335,070D・イレク,Irek
3336,080D・イレク・ネオ,Irek Neo
3337,090D・イレク・ノイ,Irek Noi
3338,0A0D・イレク・ノウム,Irek Noum
3339,0B0D・イレク・ヌヴォ,Irek Nuvo
3340,0C0D・イレクロリアル,Irekuroriaru
3341,0D0D・ネオイレクロリアル,Neo Irekuroriaru
3342,Hidden Gaze,
3343,Night Owl,
3344,Hidden Sniper,
3345,Black Night,
3346,Hidden Bow,
3347,Night Flight,
3348,Avidya Bow,
3349,Imperial Cannon,
3350,Imperial Grace Cannon,
3351,Imperial Dignity Cannon,
3352,Imperial Majesty Cannon,
3353,Imperial Presence Cannon,
3354,Imperial Sanctity Cannon,
3355,Imperial Guardian Cannon,
3356,Imperial Bow,
3357,Imperial Authority Bow,
3358,Imperial Power Bow,
3359,Imperial Influence Bow,
3360,Imperial Faith Bow,
3361,Imperial Courage Bow,
3362,Imperial 100-Kings Bow,
3363,Tulpe Ⅰ,
3364,Tulpe Ⅱ,
3365,Tulpe Ⅲ,
3366,Tulpe Ⅳ,
3367,Luxury Tulip,
3368,280D・トゥルペ・ルスオ,Turpe Rusuo
3369,Dummy,
3370,Dummy,
3371,Dummy,
3372,Dummy,
3373,Dummy,
3374,Dummy,
3375,Dummy,
3376,Dummy,
3377,Dummy,
3378,Dummy,
3379,Dummy,
3380,Dummy,
3381,Dummy,
3382,Dummy,
3383,Galaxy Bridge,
3384,Starlight Bridge,
3385,Stardust Bridge,
3386,3A0D・ハセルヴォルⅠ,Haselvol I
3387,3B0D・ハセルヴォルⅡ,Haselvol II
3388,3C0D・ハセルヴォルⅢ,Haselvol III
3389,3D0D・ハセルヴォルⅣ,Haselvol IV
3390,3E0D・ハセルヴォルⅤ,Haselvol V
3391,3F0D・ハセルヴォルⅥ,Haselvol VI
3392,Patchin Guuku Ⅰ,
3393,Patchin Guuku Ⅱ,
3394,Patchin Guuku Ⅲ,
3395,430D・ハルド・プラタ,Hald Plata
3396,440D・ハルド・ズィルバ,Hald Zirba
3397,450D・ハルド・アルジャン,Hald Aljan
3398,460D・ハルド・アスミ,Haldo Asmi
3399,470D・ハルド・アルゲン,Haldo Argen
3400,Dummy,
3401,Dummy,
3402,Dummy,
3403,Dummy,
3404,Dummy,
3405,Dummy,
3406,Dummy,
3407,Dummy,
3408,Dummy,
3409,Dummy,
3410,Dummy,
3411,Dummy,
3412,Dummy,
3413,Dummy,
3414,Dummy,
3415,Dummy,
3416,Dummy,
3417,Dummy,
3418,Dummy,
3419,Dummy,
3420,Dummy,
3421,Dummy,
3422,Dummy,
3423,Dummy,
3424,Dummy,
3425,Dummy,
3426,Dummy,
3427,Dummy,
3428,Dummy,
3429,Dummy,
3430,Dummy,
3431,Dummy,
3432,Dummy,
3433,Dummy,
3434,Dummy,
3435,Dummy,
3436,Dummy,
3437,Dummy,
3438,Dummy,
3439,Dummy,
3440,Dummy,
3441,Dummy,
3442,Dummy,
3443,Dummy,
3444,Dummy,
3445,Dummy,
3446,Dummy,
3447,Dummy,
3448,Dummy,
3449,Dummy,
3450,Dummy,
3451,Dummy,
3452,Dummy,
3453,Dummy,
3454,Dummy,
3455,Dummy,
3456,Dummy,
3457,Dummy,
3458,Dummy,
3459,Dummy,
3460,Dummy,
3461,Dummy,
3462,Dummy,
3463,Dummy,
3464,Dummy,
3465,Dummy,
3466,Dummy,
3467,Dummy,
3468,Dummy,
3469,Dummy,
3470,Dummy,
3471,Dummy,
3472,Dummy,
3473,Dummy,
3474,Dummy,
3475,Dummy,
3476,Dummy,
3477,Dummy,
3478,Dummy,
3479,Dummy,
3480,Dummy,
3481,Dummy,
3482,Dummy,
3483,Dummy,
3484,Dummy,
3485,Dummy,
3486,Dummy,
3487,Dummy,
3488,Dummy,
3489,Dummy,
3490,Dummy,
3491,Dummy,
3492,Dummy,
3493,Dummy,
3494,Dummy,
3495,Dummy,
3496,Dummy,
3497,Dummy,
3498,Dummy,
3499,Dummy,
3500,Dummy,
3501,AD0D・ハルド・メタレイア,Hald Metaleia
3502,AE0D・ハルド・メタレノン,Hald Metarenon
3503,AF0D・改トラグ・ベック,Kai Trag Beck
3504,B00D・改トラグ・ロアー,Kai Trag Roar
3505,Teostra's Cannon,
3506,Miracle Lamp,
3507,Daora's Conheral,
3508,Rubino Killi Ⅴ,
3509,Rubino Killi Ⅵ,
3510,Rubino Puffer Ⅴ,
3511,Rubino Puffer Ⅵ,
3512,"Meat Cannon ""Well-DoneG""",
3513,Jebia Pierce,
3514,Rubino Raven Ⅶ,
3515,Rubino Raven Ⅷ,
3516,Rubino Raven Ⅸ,
3517,Ruinate Frostbow,
3518,Ruinate Fierce Frostbow,
3519,Ruinate Violent Frostbow,
3520,Ruinate Savage Frostbow,
3521,Ruinate Berserk Frostbow,
3522,Dummy,
3523,Dummy,
3524,Dummy,
3525,Dummy,
3526,Dummy,
3527,Dummy,
3528,Dummy,
3529,Dummy,
3530,Volja Charla,
3531,Volja Ecal,
3532,Volja Alicos,
3533,Volja Bermeli,
3534,Volja Rubicon,
3535,Volja Lemaze,
3536,D00D・ソルエルディエス,Sol El Dies
3537,D10D・ソルエルティシー,Sol El Tisi
3538,D20D・シュヴァルツマスケ,Schwarzmaske
3539,D30D・ゲヴィッタディエス,Gevittadies
3540,D40D・ソルエルクレアティ,Sol El Cleati
3541,D50D・ソルエルティビダー,Sol Eltividar
3542,D60D・シュヴァルツゲッツェ,Schwarzgetze
3543,D70D・ゲヴィッタクレアティ,Gevitta Creati
3544,D80D・ソルエルヴィミラ,Sol Elvimira
3545,D90D・ソルエルミラニエ,Sol Elmiranie
3546,DA0D・シュヴァルツザオバー,Schwarz Zaober
3547,DB0D・ゲヴィッタヴィミラ,Gevitta Vimira
3548,Tulip Ⅰ,
3549,Tulip Ⅱ,
3550,Tulip Ⅲ,
3551,Tulip Ⅳ,
3552,Luxury Tulip,
3553,E10D・チュリペ・ルスオ,Churipe Rusuo
3554,Dummy,
3555,Dummy,
3556,Dummy,
3557,Dummy,
3558,Dummy,
3559,Ruinate Stormbow,
3560,Ruinate Fierce Stormbow,
3561,Ruinate Violent Stormbow,
3562,Ruinate Savage Stormbow,
3563,Ruinate Berserk Stormbow,
3564,Ice Emperor,
3565,Ice Emperor+,
3566,"Ice Emperor ""Hailstorm""",
3567,"Ice Emperor ""Avalanche""",
3568,"Ice Emperor ""Ice Age""",
3569,Ice Monarch,
3570,Ice Monarch+,
3571,Dark Ice Rifle,
3572,Dark Ice Rifle+,
3573,"Dark Ice Rifle ""Cruelty""",
3574,"Dark Ice Rifle ""Violent""",
3575,"Dark Ice Rifle ""Tyranny""",
3576,Dark Ice King Rifle,
3577,Dark Ice King Rifle+,
3578,Teostra's Galich,
3579,Furoru's Pistari,
3580,Furoru's Jolly,
3581,FD0D・フロル＝ブルーチャ,Flor=Bluecha
3582,FE0D・炎角始重砲【舞花筏】,Origin Flamehorn: Raft Jig
3583,FF0D・炎角始弓【金糸梅】,Origin Flamehorn Hypericum
3584,Gourmeow No.1,
3585,Gourmeow No.2,
3586,Gourmeow No.3,
3587,Gourmeow No.4,
3588,Gourmeow No.5,
3589,Super Gourmeow,
3590,Gourmemeow No.1,
3591,Gourmemeow No.2,
3592,Gourmemeow No.3,
3593,Gourmemeow No.4,
3594,Gourmemeow No.5,
3595,Super Gourmemeow,
3596,Dummy,
3597,Dummy,
3598,Bolero Heatshot,
3599,Bolero Fierce Heatshot,
3600,Bolero Violent Heatshot,
3601,Bolero Savage Heatshot,
3602,Bolero Berserk Heatshot,
3603,Dummy,
3604,Dummy,
3605,Dummy,
3606,Dummy,
3607,Dummy,
3608,"Raijin Bow ""Transform""",
3609,Ruko's Folur,
3610,Brimstren Drakekiss,
3611,Stygian Invidia,
3612,Brimstren Drakenouth,
3613,Stygian Humilitas,
3614,Brimstren Drakesight,
3615,Stygian Patientia,
3616,True Stygian Patientia,
3617,210E・幻想ヲ破リシ軽弩,Illusion-Breaking LBG
3618,220E・磁界ノ王ヲ征ス弓,Magnetic King-Conqueror
3619,230E・絡繰式・新天地号,Clockwork-Style New World
3620,240E・絡繰式・新天地号改,Clockwork New World Mod.
3621,250E・絡繰式・真天地号,Clockwork True World
3622,Black Felyne,
3623,Dark Felyne,
3624,Nightmare Felyne,
3625,290E・改セリスィ・ロアー,Kai Selisi Roar
3626,Lightning Gun,
3627,"Lightning Gun ""Shoot""",
3628,"Lightning Gun ""Strike""",
3629,"Lightning Gun ""Burst""",
3630,Lightning Cannon,
3631,"Lightning Cannon ""Light""",
3632,"Lightning Cannon ""Heat""",
3633,310E・絶雷振重砲【抉抉】,Absol. Thunderquake Gouges
3634,Lightning Bow,
3635,"Lightning Bow ""Other""",
3636,"Lightning Bow ""Riot""",
3637,"Lightning Bow ""Lunatic""",
3638,360E・盾蟹軽弩アスタヴィテ,Shield Crab LBG Astavite
3639,370E・盾蟹軽弩アスタベロシ,Shield Crab LBG Astabelosi
3640,380E・盾蟹軽弩アスタヴェロ,Shield Crab LBG Astavelo
3641,390E・盾蟹軽弩アスタソルア,Shield Crab LBG Astasolua
3642,3A0E・盾蟹重弩アスタフォル,Shield Crab HBG Astafol
3643,3B0E・盾蟹重弩アスタフエル,Shield Crab HBG Astafael
3644,3C0E・盾蟹重弩アスタストレ,Shield Crab HBG Astastre
3645,3D0E・盾蟹重弩アスタポテン,Shield Crab HBG Astapoten
3646,3E0E・盾蟹弓アスタアルコ,Hermitaur Bow Asta Arco
3647,3F0E・盾蟹弓アスタルーク,Hermitaur Bow Asta Rook
3648,400E・盾蟹弓アスタカウス,Hermitaur Bow Asta Kaus
3649,410E・盾蟹弓アスタトクソ,Shield Crab Bow Astatokuso
3650,Bolero Aquashot,
3651,Bolero Fierce Aquashot,
3652,Bolero Violent Aquashot,
3653,Bolero Savage Aquashot,
3654,Bolero Berserk Aquashot,
3655,Pretto,
3656,480E・プレット・イスナン,Plet Isnan
3657,490E・プレット・サラサ,Plett Sarasa
3658,4A0E・プレット・アルヴァ,Plett Alva
3659,4B0E・プレット・カムサ,Plett Kamsa
3660,4C0E・アン・プレット,An Prett
3661,4D0E・イン・プレット,In Plet
3662,4E0E・ネキュロ,Nekyuro
3663,4F0E・ネキュロ・イスナン,Nekyuro Isnan
3664,500E・ネキュロ・サラサ,Nekyuro Sarasa
3665,510E・ネキュロ・アルヴァ,Nekyuro Alva
3666,520E・ネキュロ・カムサ,Necuro Kamsa
3667,530E・アン・ネキュロ,An Necuro
3668,540E・イン・ネキュロ,In Nekyuro
3669,"Composer Shot ""Intro""",
3670,"Composer Shot ""Chorus""",
3671,"Composer Shot ""Encore""",
3672,"Composer Rifle ""Intro""",
3673,"Composer Rifle ""Chorus""",
3674,"Composer Rifle ""Encore""",
3675,"Composer Arch ""Intro""",
3676,"Composer Arch ""Chorus""",
3677,"Composer Arch ""Encore""",
3678,Dummy,
3679,Dummy,
3680,Dummy,
3681,Dummy,
3682,Dummy,
3683,Dummy,
3684,Dummy,
3685,Ray of Weiss,
3686,660E・レイofシャンバラ,Ray of Shambhala
3687,Trigger of Hazard,
3688,Trigger of Peril,
3689,Vision of Lost,
3690,Vision of Despair,
3691,Vision of Vanish,
3692,Zena Altar,
3693,6D0E・火竜猛軽弩リーミン,Rathalos Fury LBG Limin
3694,6E0E・火竜猛軽弩アマネセル,Rathalos Fury LBG Amanesel
3695,6F0E・火竜猛軽弩リツウ,Rathalos Fury LBG Ritsuu
3696,700E・火竜猛軽弩リオフラム,Rathalos Fury LBG Rioflame
3697,710E・火竜猛重弩サバハ,Rathalos Fury HBG Sabaha
3698,720E・火竜猛重弩ディエース,Rathalos Fury HBG Diece
3699,730E・火竜猛重弩リグアン,Rathalos Fury HBG Rigan
3700,740E・火竜猛重弩リオサン,Rathalos Fury HBG Riosan
3701,750E・火竜猛弓サンライト,Rathalos Fury Bow Sunlight
3702,760E・火竜猛弓ガリェチ,Rathalos Fury Bow Gariechi
3703,770E・火竜猛弓プラミャ,Rathalos Fury Bow Plamia
3704,780E・火竜猛弓リオバーン,Rathalos Fury Bow Riobahn
3705,790E・ブラージュグラニゾ,Brage Granizo
3706,7A0E・ブラージュゲヴィ,Brage Gevi
3707,7B0E・ブラージュトルメン,Brage Tormen
3708,7C0E・ドドブラン・ヴーノ,Dodobran Vuno
3709,7D0E・ブラージュニエペ,Blaze Niepe
3710,7E0E・ブラージュヘイル,Blaze Hail
3711,7F0E・ブラージュヴァラン,Brage Valan
3712,800E・ドドブラン・シャン,Dodobran Shan
3713,810E・ブラージュメチエ,Brage Metier
3714,820E・ブラージュシアン,Brage Cyan
3715,830E・ブラージュザウバ,Brage Zauber
3716,840E・ドドブラン・ガラー,Dodobran Gala
3717,850E・改セリスィ・ベック,Modified Celis Beck
3718,860E・改セリスィ・コール,Modified Serisi Call
3719,Delight,
3720,Delight Sorude,
3721,Delight Tajau,
3722,Delight Vigor,
3723,Delight Spirit,
3724,Delight Sun,
3725,Delight Shin,
3726,Isty,
3727,Isty Sorude,
3728,Isty Tajau,
3729,Isty Vigor,
3730,Isty Spirit,
3731,Isty Sun,
3732,Isty Shin,
3733,Ice Monarch Neo,
3734,Dark Ice King Rifle Neo,
3735,Vola Assault,
3736,Vola Assault+,
3737,True Vola Assault,
3738,Alvora Assault,
3739,Vola Launcher,
3740,Vola Launcher+,
3741,True Vola Launcher,
3742,Alvora Launcher,
3743,Vola Arrow,
3744,Vola Arrow+,
3745,True Vola Arrow,
3746,Alvola Arrow,
3747,Lovely Charm,
3748,Starry Sky Bow Ⅰ,
3749,Starry Sky Bow Ⅱ,
3750,Starry Sky Bow Ⅲ,
3751,Starry Sky Bow Ⅳ,
3752,Starry Sky Bow Ⅴ,
3753,Starry Sky Bow Ⅵ,
3754,Night Sky Bow Ⅰ,
3755,Night Sky Bow Ⅱ,
3756,Night Sky Bow Ⅲ,
3757,Night Sky Bow Ⅳ,
3758,Night Sky Bow Ⅴ,
3759,Night Sky Bow Ⅵ,
3760,Wisebourne,
3761,Wisedrill,
3762,Wisemetal,
3763,B30E・ヴィッツリバーン,Vitzlibahn
3764,Dummy,
3765,Dummy,
3766,Festival Sakura Bow,
3767,Grim Reaper I,
3768,Grim Reaper II,
3769,Grim Reaper III,
3770,Grim Reaper IV,
3771,Grim Reaper V,
3772,Grim Reaper VI,
3773,BD0E・暴乱ヲ鎮圧ス天雷弓,Riot-Quelling Thunder Bow
3774,Le Lumiere,
3775,Le Vertu,
3776,Le Desastre,
3777,Le Deluge,
3778,Le Ravisseur,
3779,Le Desir,
3780,L'Innocence,
3781,Hyuji Ushi,
3782,Hyuji Agulhas,
3783,Hyuji Aiguille,
3784,Hyuhyuji Ruto,
3785,Hyuji Ramla,
3786,Hyuji Foreo,
3787,Hyuji Daore,
3788,Hyuhyuji Ramina,
3789,Brilliant Bow,
3790,Flames and Fuel,
3791,"Prayer Shot ""Intro""",
3792,"Prayer Shot ""Chorus""",
3793,"Prayer Shot ""Finale""",
3794,"Prayer Rifle ""Intro""",
3795,"Prayer Rifle ""Chorus""",
3796,"Prayer Rifle ""Finale""",
3797,"Prayer Arch ""Intro""",
3798,"Prayer Arch ""Chorus""",
3799,"Prayer Arch ""Chorus""",
3800,Azure Gun Bullet,
3801,D90E・ルラキガンブラー,Lulaki Gambler
3802,DA0E・ガルボイガンブラー,Garboi Gambler
3803,DB0E・ニリィガンブラー,Nirii Ganbura
3804,Remnant Frostgun,
3805,Remnant Fierce Frostgun,
3806,Remnant Violent Frostgun,
3807,Remnant Savage Frostgun,
3808,Remnant Berserk Frostgun,
3809,Remnant Boltgun,
3810,Remnant Fierce Boltgun,
3811,Remnant Violent Boltgun,
3812,Remnant Savage Boltgun,
3813,Remnant Berserk Boltgun,
3814,Chaos Flamegun,
3815,Chaos Fierce Flamegun,
3816,Chaos Violent Flamegun,
3817,Chaos Savage Flamegun,
3818,Chaos Berserk Flamegun,
3819,Chaos Aquagun,
3820,Chaos Fierce Aquagun,
3821,Chaos Violent Aquagun,
3822,Chaos Savage Aquagun,
3823,Chaos Berserk Aquagun,
3824,Nebula Bridge,
3825,Ex Burstwolf Lbg Bestin,
3826,Ex Burstwolf Lbg Washu,
3827,Ex Burstwolf Lbg Kuteno,
3828,"Ex Burstwolf Lbg""Himmel""",
3829,Sacred Falling Sun Ⅰ,
3830,Sacred Falling Sun Ⅱ,
3831,Sacred Falling Sun Ⅲ,
3832,Sacred Falling Sun Ⅳ,
3833,Sacred Falling Sun Ⅴ,
3834,Sacred Falling Sun Ⅵ,
3835,Sacred Falling Sun Ⅶ,
3836,Sacred Crumbling Earth Ⅰ,
3837,Sacred Crumbling Earth Ⅱ,
3838,Sacred Crumbling Earth Ⅲ,
3839,Sacred Crumbling Earth Ⅳ,
3840,Sacred Crumbling Earth Ⅴ,
3841,Sacred Crumbling Earth Ⅵ,
3842,Sacred Crumbling Earth Ⅶ,
3843,Sacred Night Windvoice Ⅰ,
3844,Sacred Night Windvoice Ⅱ,
3845,Sacred Night Windvoice Ⅲ,
3846,Sacred Night Windvoice Ⅳ,
3847,Sacred Night Windvoice Ⅴ,
3848,Sacred Night Windvoice Ⅵ,
3849,Sacred Night Windvoice Ⅶ,
3850,Solemn Eyes Cannon,
3851,0B0F・アズラクブラッサー,Azrak Brasser
3852,0C0F・ルラキブラッサー,Rurakiburassa
3853,0D0F・ガルボイブラッサー,Garuboi Burassa
3854,0E0F・ニリィブラッサー,Nirybrassar
3855,0F0F・アズラクエグディラ,Azraq Egdila
3856,100F・ルラキエグディラ,Ruraki Egdila
3857,110F・ガルボイエグディラ,Garboie Egudira
3858,120F・ニリィエグディラ,Niryi Egdira
3859,130F・灼零エルゼアロー,Scorching Zero Elze Arrow
3860,Elzelion Guuku Ⅰ,
3861,Elzelion Guuku Ⅱ,
3862,Elzelion Guuku Ⅲ,
3863,Elzelion Guuku Ⅳ,
3864,Elze Guuku Kuak Kuak,
3865,Felyne Bow・Nya,Felyne Bow Nya
3866,Melynx Bow・Nya,Melynx Bow Nya
3867,Dummy,
3868,1C0F・磁界ヲ滅ボス弓,Magnetic Fieldbreaker Bow
3869,"Ruko Hbg ""Saetta""",
3870,"Ruko Hbg ""Saika""",
3871,"Ruko Hbg ""Raio""",
3872,"Light Ruko Hbg ""Morunya""",
3873,"Ruko Bow ""Ekure""",
3874,"Ruko Bow ""Robon""",
3875,"Ruko Bow ""Fulgur""",
3876,"Light Ruko Bow ""Teravu""",
3877,Ruberbaru,
3878,Ruberbaru+,
3879,True Ruberbaru,
3880,Terra Ruberfusier,
3881,Ruberfusier,
3882,Ruberfusier+,
3883,True Ruberfusier,
3884,Terra Ruberfusier,
3885,Ruberarc,
3886,Ruberarc+,
3887,True Ruberarc,
3888,Terra Ruberarc,
3889,Crimson Halve,
3890,Crimson Saura,
3891,Torment Halve,
3892,Torment Saura,
3893,Lovely Attack,
3894,Lovely Body,
3895,Lovely Poogie,
3896,Baby Attack,
3897,Baby Body,
3898,Baby Poogie,
3899,Fake Projection Ⅶ,
3900,Fatal Lumen,
3901,Fleur Lumier,
3902,Immortal Sorrow,
3903,Storm Fury,
3904,400F・ラグリッター・パトス,Raglitter Pathos
3905,410F・ザウリッター・パトス,Zauritter Pathos
3906,Wicked Needle,
3907,Needle Phalanx,
3908,Ill Omen,
3909,Endless Sky,
3910,Tempest Nightbow,
3911,Heavenly Storm,
3912,Unlimited Daybreak,
3913,"Inagami Gun ""Thistle""",
3914,"Inagami Gun ""Nephila""",
3915,"Inagami Gun ""Namanade""",
3916,"Inagami Gun ""Roberis""",
3917,"Inagami Cannon ""Nazuna""",
3918,"Inagami Cannon ""Biosa""",
3919,"Inagami Cannon ""Balsio""",
3920,"Inagami Cannon""Planatas""",
3921,Renka Cannon,
3922,"Renka Cannon""Miscanthus""",
3923,"Renka Cannon ""Sinensis""",
3924,540F・煉華ノ弩【杵光】,Refined Flower Pestle Glow
3925,Renka Bow,
3926,"Renka Bow ""Chrysanth""",
3927,"Renka Bow ""Morifolium""",
3928,580F・煉華ノ弓【風光】,Refined Flower: Scenery
3929,Dummy,
3930,Dummy,
3931,Ravina Assault,
3932,Ravina Assault+,
3933,True Ravina Assault,
3934,Final Ravina Assault,
3935,Ravina Burst,
3936,Ravina Burst+,
3937,True Ravina Burst,
3938,Final Ravina Burst,
3939,630F・ソーブリオリースボウ,Saw Brioris Bow
3940,Frozen Embers Bow Polar,
3941,Burning Frost Bow Polar,
3942,"Torid Bow ""Eyes""",
3943,"Torid Bow ""Skyes""",
3944,"Torid Bow ""Heaven""",
3945,"Torid Bow ""Funi""",
3946,"Dark Launcher ""Saxicola""",
3947,"Dark Launcher ""Ficedula""",
3948,"Dark Launcher ""Auroreus""",
3949,"Dark Launcher ""Tarsiger""",
3950,Ravina Arrow,
3951,Ravina Arrow+,
3952,True Ravina Arrow,
3953,Final Ravina Arrow,
3954,Renka Gun,
3955,"Renka Gun ""Petasites""",
3956,"Renka Gun ""Milvus""",
3957,750F・煉華ノ軽弩【香光】,Refined Flower: Scent Glow
3958,760F・歌詠ノ軽弩【前奏】,Chanting LBG [Prelude]
3959,770F・歌詠ノ軽弩【中奏】,Chanting LBG [Interlude]
3960,780F・歌詠ノ軽弩【後奏】,Chanting LBG [Postlude]
3961,790F・歌詠ノ弓【前奏】,Chanting Bow [Prelude]
3962,7A0F・歌詠ノ弓【中奏】,Chanting Bow [Interlude]
3963,7B0F・歌詠ノ弓【後奏】,Chanting Bow [Postlude]
3964,7C0F・レガーロアモ・ドウ,Regaroamo Dou
3965,7D0F・歌詠ノ重弩【前奏】,Chanting HBG [Prelude]
3966,7E0F・歌詠ノ重弩【中奏】,Chanting HBG [Interlude]
3967,7F0F・歌詠ノ重弩【後奏】,Chanting HBG [Postlude]
3968,"Rage Launcher ""Man""",
3969,"Rage Launcher ""Heart""",
3970,"Rage Launcher ""All""",
3971,"Wrath Launcher ""Rage""",
3972,"Rage Bow ""Phenomenon""",
3973,"Rage Bow ""Appeareance""",
3974,"Rage Bow ""Facade""",
3975,"Wrath Launcher ""Henshia""",
3976,Rasasa Bowgun,
3977,Dummy,
3978,Rasasa Rebellion,
3979,Sayyad Cannon,
3980,Dummy,
3981,Sayyad Rebellion,
3982,Shalya Bow,
3983,Insurgent Bow,
3984,Shalya Rebellion,
3985,Dummy,
3986,Dummy,
3987,Dummy,
3988,Dummy,
3989,Dua Bowgun,
3990,Dua Bowgun+,
3991,True Dua Bowgun,
3992,Esdua Bowgun,
3993,"Resolute Shot ""New""",
3994,"Resolute Shot ""Lunge""",
3995,"Resolute Shot ""Faith""",
3996,"Resolute Shot ""Heart""",
3997,"Resolute Shot ""Truth""",
3998,"Resolute Shot ""Divine""",
3999,"Resolute Rifle ""New""",
4000,"Resolute Rifle ""Lunge""",
4001,"Resolute Rifle ""Faith""",
4002,"Resolute Rifle ""Heart""",
4003,"Resolute Rifle ""Truth""",
4004,"Resolute Rifle ""Divine""",
4005,"Resolute Arch ""New""",
4006,"Resolute Arch ""Lunge""",
4007,"Resolute Arch ""Faith""",
4008,"Resolute Arch ""Heart""",
4009,"Resolute Arch ""Truth""",
4010,"Resolute Arch ""Divine""",
4011,AB0F・煉舞ノ弩【長池】,Refined Dance: Long Pond
4012,AC0F・煉舞ノ弩【滝寺】,Refined Dance: Takidera
4013,AD0F・煉舞ノ弩【番屋】,Refined Dance: Guardhouse
4014,AE0F・煉舞ノ弩【春日】,Refined Dance: Spring Day
4015,"Apophis Launcher ""Flash""",
4016,"Apophis Launcher ""Shine""",
4017,"Apophis Launcher ""Glory""",
4018,"Apophis Launcher ""Clear""",
4019,"Apophis Cannon ""Flash""",
4020,"Apophis Cannon ""Shine""",
4021,"Apophis Cannon ""Glory""",
4022,"Apophis Cannon ""Clear""",
4023,"Apophis Bow ""Flash""",
4024,"Apophis Bow ""Shine""",
4025,"Apophis Bow ""Glory""",
4026,"Apophis Bow ""Clear""",
4027,"Enki Frostbow ""Flash""",
4028,"Enki Frostbow ""Shine""",
4029,"Enki Stormbow ""Flash""",
4030,"Enki Stormbow ""Shine""",
4031,"Scorpio Aquabow ""Flash""",
4032,"Scorpio Aquabow ""Shine""",
4033,"Scorpio Flamebow ""Flash""",
4034,"Scorpio Flamebow ""Shine""",
4035,"Waltz Iceshot ""Flash""",
4036,"Waltz Iceshot ""Shine""",
4037,"Waltz Boltshot ""Flash""",
4038,"Waltz Boltshot ""Shine""",
4039,Dua Gewehr,
4040,Dua Gewehr+,
4041,True Dua Gewehr,
4042,Esdua Gewehr,
4043,Dua Rakete,
4044,Dua Rakete+,
4045,True Dua Rakete,
4046,Esdua Rakete,
4047,"Melody Arch ""Prelude""",
4048,"Melody Arch ""Chorus""",
4049,"Melody Arch ""Encore""",
4050,Lunar Plague,
4051,Luna Varo,
4052,Luna Taurus,
4053,Luna Luminous,
4054,D60F・煉舞ノ軽弩【鹿縞】,Refined Dance: Deer Stripe
4055,D70F・煉舞ノ軽弩【沼瑞】,Refined Dance: Shouzui
4056,D80F・煉舞ノ軽弩【曲凛】,Refined Dance: Kyokurin
4057,D90F・煉舞ノ軽弩【佐倉】,Refined Dance: Sakura
4058,DA0F・煉舞ノ弓【浦登】,Refined Dance: Uratou
4059,DB0F・煉舞ノ弓【関原】,Refined Dance: Sekihara
4060,DC0F・煉舞ノ弓【稲葉】,Refined Dance: Inaba
4061,DD0F・煉舞ノ弓【桐山】,Refined Dance: Kiriyama
4062,"Ruinate Frostbow ""Flash""",
4063,"Ruinate Frostbow ""Shine""",
4064,"Ruinate Stormbow ""Flash""",
4065,"Ruinate Stormbow ""Shine""",
4066,"Bolero Heatshot ""Flash""",
4067,"Bolero Heatshot ""Shine""",
4068,"Bolero Aquashot ""Flash""",
4069,"Bolero Aquashot ""Shine""",
4070,"Remnant Frostgun ""Flash""",
4071,"Remnant Frostgun ""Shine""",
4072,"Remnant Boltgun ""Flash""",
4073,"Remnant Boltgun ""Shine""",
4074,"Chaos Flamegun ""Flash""",
4075,"Chaos Flamegun ""Shine""",
4076,"Chaos Aquagun ""Flash""",
4077,"Chaos Aquagun ""Shine""",
4078,Yellow Banana,
4079,Yellow Banaana,
4080,Yellow Banaanu,
4081,Yellow Banaane,
4082,Yellow Banaanas,
4083,F30F・エリュー・フィン,Eriu Fin
4084,F40F・エリュー・クインス,Eriu Quince
4085,F50F・エリュー・ペーロペ,Eriu Pelope
4086,F60F・エリュー・ヴィーナス,Eryu Venus
4087,Liberty,
4088,Euphoria,
4089,Web Elegy,
4090,Minio・High,Minio High
4091,Minio・Moon,Minio Moon
4092,Minio・Toray,Minio Toray
4093,Minio・Glass,Minio Glass
4094,Minio・Keef,Minio Keef
4095,Minio・Rozuro,Minio Rozuro
4096,Harine・Ray,Harine Ray
4097,Harine・Sun,Harine Sun
4098,Harine・Aru,Harine Aru
4099,Harine・Garlia,Harine Garlia
4100,Harine・Kouf,Harine Kouf
4101,Harine・Rosara,Harine Rosara
4102,Thousand Enemy Tank Ⅱ,
4103,Thousand Enemy Tank Ⅲ,
4104,Thousand Enemy Tank Ⅳ,
4105,Thousand Enemy Tank Ⅴ,
4106,Thousand Enemy Tank Ⅰ,
4107,Goru Cannon Ⅰ,
4108,Goru Cannon Ⅱ,
4109,Goru Cannon Ⅲ,
4110,"Goru Cannon ""Zero""",
4111,Aru Cannon Ⅰ,
4112,Aru Cannon Ⅱ,
4113,Aru Cannon Ⅲ,
4114,"Aru Cannon ""Zero""",
4115,Barrel Rapidcannon Ⅰ,
4116,Barrel Rapidcannon Ⅱ,
4117,Barrel Rapidcannon Ⅲ,
4118,Barrel Rapidcannon Ⅳ,
4119,Barrel Rapidcannon Ⅴ,
4120,Barrel Rapidcannon Ⅵ,
4121,"Bloodeating Gun ""Spice""",
4122,"Bloodeating Gun ""Sweet""",
4123,"Bloodeating Gun ""Suflan""",
4124,"Bloodeating Gun ""Sukado""",
4125,"Bloodeating Hbg ""Karma""",
4126,"Bloodeating Hbg ""Calie""",
4127,"BloodeatingHbg""Caligula""",
4128,"Bloodeating Hbg ""Karado""",
4129,Chroma Assault,
4130,Chroma Assault+,
4131,True Chroma Assault,
4132,Final Chroma Assault,
4133,Chroma Launcher,
4134,Chroma Launcher+,
4135,True Chroma Launcher,
4136,Final Chroma Launcher,
4137,Chroma Arrow,
4138,Chroma Arrow+,
4139,True Chroma Arrow,
4140,Final Chroma Arrow,
4141,2D10・ペプトコス,Peptokos
4142,2E10・ペプトコス・タミエル,Peptokos Tamiel
4143,2F10・ペプトコス・アンバー,Peptokos Amber
4144,3010・ペプトコス・ソフィア,Peptokos Sophia
4145,3110・ペプトコス・アゲロス,Peptokos Ageros
4146,Lethe Rifle,
4147,"Lethe Rifle ""Anarchy""",
4148,"Lethe Rifle ""Desire""",
4149,"Lethe Rifle ""Jurojin""",
4150,Lethe Cannon,
4151,"Lethe Cannon ""Anarchy""",
4152,"Lethe Cannon ""Desire""",
4153,"Lethe Cannon ""Marici""",
4154,Lethe Arrow,
4155,"Lethe Arrow ""Anarchy""",
4156,"Lethe Arrow ""Desire""",
4157,"Lethe Arrow ""Fukurokuju""",
4158,"Enrapture Gun ""Intro""",
4159,"Enrapture Gun ""Chorus""",
4160,"Enrapture Gun ""Encore""",
4161,"Enrapture Rifle ""Intro""",
4162,"Enrapture Rifle ""Chorus""",
4163,"Enrapture Rifle ""Encore""",
4164,"Enrapture Arch ""Intro""",
4165,"Enrapture Arch ""Intro""",
4166,"Enrapture Arch ""Intro""",
4167,Poet Assault,
4168,Poet Assault+,
4169,True Poet Assault,
4170,Poetry Assault,
4171,Poet Launcher,
4172,Poet Launcher+,
4173,True Poet Launcher,
4174,Poetry Launcher,
4175,Poet Arrow,
4176,Poet Arrow+,
4177,True Poet Arrow,
4178,Poetry Arrow,
4179,Maje・Sun,Maje Sun
4180,Maje・Mine,Maje Mine
4181,Maje・Toggle,Maje Toggle
4182,Maje・Puleia,Maje Puleia
4183,Maje・Scorpio,Maje Scorpio
4184,Maje・Thyrsus,Maje Thyrsus
4185,Maje・Moon,Maje Moon
4186,Maje・Hein,Maje Hein
4187,Maje・Blaze,Maje Blaze
4188,Maje・Trista,Maje Trista
4189,Maje・Gracano,Maje Gracano
4190,Maje・Ceraunus,Maje Ceraunus
4191,Maje・Horn,Maje Horn
4192,Maje・Cane,Maje Cane
4193,Maje・Freyol,Maje Freyol
4194,Maje・Sfera,Maje Sfera
4195,Maje・Gauhara,Maje Gauhara
4196,Maje・Misteltein,Maje Misteltein
4197,Gray・Sun,Gray Sun
4198,Gray・Mine,Gray Mine
4199,Gray・Toggle,Gray Toggle
4200,Gray・Puleia,Gray Puleia
4201,Gray・Scorpio,Gray Scorpio
4202,Gray・Lyceum,Gray Lyceum
4203,Gray・Moon,Gray Moon
4204,Gray・Hein,Gray Hein
4205,Gray・Blaze,Gray Blaze
4206,Gray・Trista,Gray Trista
4207,Gray・Gracano,Gray Gracano
4208,Gray・Vajra,Gray Vajra
4209,Gray・Horn,Gray Horn
4210,Gray・Cane,Gray Cane
4211,Gray・Freyol,Gray Freyol
4212,Gray・Sfera,Gray Sfera
4213,Gray・Gauhara,Gray Gauhara
4214,Gray・Pashupata,Gray Pashupata
4215,True Taicannon,
4216,True Taicannon・Satsuki,True Taicannon Satsuki
4217,True Taicannon・Consolida,True Taicannon Consolida
4218,True Taicannon・Hyacinth,True Taicannon Hyacinth
4219,True Taikun Bow,
4220,True Taikun Bow・Pasque,True Taikun Bow Pasque
4221,True Taikun Bow・Makhmali,True Taikun Bow Makhmali
4222,True Taikun Bow・Marigold,True Taikun Bow Marigold
